,OrderID,CustomerID,Region,Product,Category,Quantity,Price,TotalSales,OrderDate,year
0,bc6566ab-f553-407a-ad19-c411a53445e4,9ade37c6-79db-4e9f-a1d3-d5fafc1b8911,North,Tablet,Electronics,126,454.19,57227.94,2024-11-15,2024
1,cd57b082-60e0-417f-befc-acd9a986b542,27d11f45-2466-4992-9b73-44096bdddf71,North,Smartwatch,Electronics,217,73.25,15895.25,2022-05-08,2022
2,0c0b1115-a076-4a61-a421-590802110d5c,7a484f85-2993-4504-bd07-34392fb43aa7,North,Table,Furniture,259,1208.02,312877.18,2024-12-05,2024
3,40cfbe52-5f11-4d3e-9334-6b2c61c9d2d7,fc157279-55a2-4b54-92a2-4cbf503429e1,South,Microwave,Home Appliances,230,1182.64,272007.2,2023-12-14,2023
4,3ee1faef-ef08-4bca-b801-92816e22838d,8ff40b0b-224a-4f12-9914-154b3c77f6e2,North,Bed,Furniture,175,562.96,98518.0,2024-05-25,2024
5,d911edc9-c888-4bcf-b630-7df160f738da,c299edc8-33b7-4607-85fb-e31b34131d66,South,T-Shirt,Clothing,48,766.06,36770.88,2023-02-10,2023
6,d797052d-b0d8-4a28-93d0-af5e1602feaf,8e5ce11a-139a-489f-a303-6150db69b060,East,Dress,Clothing,136,1616.19,219801.84,2022-12-13,2022
7,9b55b20e-57f5-4678-bdbe-346324509e97,d2039b63-2b22-40e0-b8c7-f33f4809b942,West,Headphones,Electronics,41,1108.56,45450.96,2024-03-29,2024
8,11031303-5764-444a-8967-534247506b1e,66858767-c39b-42a6-881b-fc8b090413d7,East,Sofa,Furniture,24,1325.91,31821.84,2024-01-23,2024
9,2a8b5efe-aa99-4dcb-8cc9-689f95cd8e28,71d183d4-1081-4aa6-8e8d-d0f5c9095ee8,East,Smartphone,Electronics,52,766.45,39855.4,2023-10-09,2023
10,8b2d9f1b-c700-469a-8c32-07aa68313592,dadf1e5a-3612-4270-9a20-1ee341120bd0,West,Jeans,Clothing,190,716.99,136228.1,2024-05-26,2024
11,c12358c1-e8ed-4161-8952-cc78dc97786b,11df8567-dec3-4c80-8c7c-c7c66fb52b0f,East,Smartwatch,Electronics,88,1072.94,94418.72,2024-03-21,2024
12,09a919ea-2548-4aa6-911d-0d97355ff36d,7de85cb9-dcdb-4269-95a5-d21cdc579e3a,South,Bed,Furniture,195,547.2,106704.0,2023-11-17,2023
13,4cd7d722-45aa-4e7b-8e34-ff7b3aacd546,906065dd-baf6-44cb-8aba-c008fdf62fb0,South,T-Shirt,Clothing,118,1645.39,194156.02,2023-02-07,2023
14,6f725d1f-275e-49fd-b0ae-1b9b0d6a95fb,3cb09286-ed9a-497e-985d-7ea3a985f97b,East,Washing Machine,Home Appliances,34,429.86,14615.24,2023-12-04,2023
15,0bc7d7d5-7dd3-4ef0-be3f-cb20de0ffade,b732121c-624d-4f09-9228-0b50260ffea2,East,Bed,Furniture,203,1770.52,359415.56,2022-06-10,2022
16,7d399dfa-26c4-47b5-b6b4-429ef076e958,773e39cc-0b25-4faf-9e34-7f0c061746dc,West,Chair,Furniture,72,500.79,36056.88,2022-09-12,2022
17,972853e4-1ed1-4c48-81cd-598c1bf3ad4e,3b658f30-2fd7-41a2-a574-5afb1881d762,East,Air Conditioner,Home Appliances,205,730.37,149725.85,2024-02-07,2024
18,c3b6ec12-68d2-4d11-b80c-66d24e99329f,8d494737-127d-446d-92e1-395392bec434,South,Refrigerator,Home Appliances,25,1723.59,43089.75,2024-06-04,2024
19,49b2ad1d-cf74-4dcc-904b-4be18470c3e2,c48aef38-0a45-49be-8f8a-0a42a83d4ef7,South,Bed,Furniture,33,775.69,25597.77,2023-08-19,2023
20,c6eb33f6-bf5e-49c7-beaf-017db251198a,2a47e71a-b403-49f3-b5f5-a7f4d9eb67d4,West,Dress,Clothing,6,1363.76,8182.56,2022-08-28,2022
21,fa894fbc-776a-4683-b24b-98a23729d345,e1676a25-169d-4c35-a6d4-d543c0f3c714,North,Jacket,Clothing,58,594.07,34456.06,2023-04-26,2023
22,07602fa5-14d6-4d1f-ab16-cf26062dc661,b8ca39c6-d149-4ca4-b912-b41002a689f4,South,Refrigerator,Home Appliances,135,1944.06,262448.1,2023-05-22,2023
23,2a68385e-b949-496e-9870-9e4a286b4780,b6508e9c-b06c-44fd-a459-5315829f6423,South,Tablet,Electronics,260,1221.85,317681.0,2023-12-13,2023
24,f1df497e-337d-43d4-90f3-199cf5450dd0,4976c0f2-1abe-4788-b311-01c5b690bdc5,South,Jeans,Clothing,277,1907.46,528366.42,2023-03-13,2023
25,64e2e04a-9580-48b3-80df-2a632b84a149,ba61df96-09b4-46bd-942a-de24c5e9056c,North,Shirt,Clothing,10,232.62,2326.2,2024-03-06,2024
26,c331aa32-0243-4252-ba4a-7fc64e7dffba,7d0b2f08-8ab1-43e4-a08f-deb51ec522a2,East,Jeans,Clothing,30,489.33,14679.9,2023-02-28,2023
27,15b7e9fb-6798-4601-ac87-d922c624c74d,c621396b-11e0-4732-8c57-bd0133671176,North,Headphones,Electronics,36,1956.19,70422.84,2024-06-19,2024
28,54faca33-e9c5-42b6-849a-b942eeaf1e5f,29fe0d09-1e6c-4246-92ff-579cfb4577c2,South,Bed,Furniture,282,338.6,95485.2,2024-08-19,2024
29,2bfdeada-e2ad-4d1d-a0b9-3bff5f640a63,86bc0abc-9373-4c29-8920-ab18c23b111d,West,Wardrobe,Furniture,103,1428.77,147163.31,2024-03-30,2024
30,79a60d0c-494f-47ac-9776-2b7100f02062,20b2223f-a9f3-44f8-a590-c78c1d0aa480,West,Shirt,Clothing,265,908.46,240741.9,2023-06-12,2023
31,f7a745bd-9814-4a41-a1ab-aa57ca497b6f,4a2dccb3-9e83-440e-9d91-a5325d3fd774,South,Sofa,Furniture,174,51.86,9023.64,2024-04-02,2024
32,8bb6df11-f729-4e5b-bb5b-6293325336ed,26440fba-c525-4e53-ad48-9ff0bb7f1772,South,Sofa,Furniture,37,1418.6,52488.2,2024-05-04,2024
33,63607041-60e4-42e1-81fe-c0bf76ed5426,efbc3a20-cb93-4013-9243-97bfbad285eb,North,Sofa,Furniture,17,1720.67,29251.39,2022-02-04,2022
34,52dc818f-cab3-4895-b472-71f217f6e304,057bae1e-9377-416d-9daf-b010ee638ae6,North,Chair,Furniture,249,436.33,108646.17,2022-03-17,2022
35,2615187e-7885-494b-9f59-81fcccf31bdc,bd5c3cae-581c-4b2a-877f-9d5bcb38ee53,South,Microwave,Home Appliances,243,1616.92,392911.56,2022-08-22,2022
36,cd8d53eb-aff2-49b8-9ffa-98d732bc33d7,f7c2de32-932c-4472-93ca-01a28ad9bd99,South,Laptop,Electronics,221,715.05,158026.05,2024-09-23,2024
37,c083c1f9-1cf8-4e0c-8a21-cd19fe57ddf1,c29b474b-61c6-4e7e-8589-e961ee5742c0,West,Refrigerator,Home Appliances,51,130.62,6661.62,2023-04-11,2023
38,128c3d7c-1189-4532-8932-8d4d8a2df27f,e8a085a2-16a5-46e0-8278-40b17cf0fe48,East,Smartphone,Electronics,99,388.52,38463.48,2024-06-08,2024
39,cdda3d9f-b370-4675-9264-579e3f6f260f,cfde3ac7-146f-43cb-9c2e-636f718b38ac,West,Bed,Furniture,94,564.3,53044.2,2023-09-05,2023
40,aefb089d-7fd2-43e1-bd93-cb2c33f77f14,12800644-e158-4824-8c41-288c20eb4210,South,Headphones,Electronics,282,204.84,57764.88,2024-10-14,2024
41,ea9537db-e5ce-42a7-9c46-9a74ebf12336,140517f6-3dd9-45e3-93e0-53f36a284ddd,North,Smartphone,Electronics,86,818.76,70413.36,2023-09-21,2023
42,6a2bf1f9-a4aa-4bd6-a13b-ada5985b4964,0323fc11-2cd2-4f40-b08b-c21d9904a922,West,Bed,Furniture,31,337.63,10466.53,2023-08-04,2023
43,a7b8f2c9-20c6-4ee8-99ad-74ef99bb986a,a53f276c-d263-4eb4-809e-882226c1d3d8,North,Washing Machine,Home Appliances,233,577.65,134592.45,2023-12-30,2023
44,0aef63f1-0f2b-41ac-8d68-757fc5a2c358,d29c03d7-70bd-458a-82e3-022f21f1cb3c,West,Table,Furniture,152,443.22,67369.44,2023-04-14,2023
45,11eaee0b-f687-4ffa-bbd4-e2e29b10e019,15e61e5c-d1f1-4968-a7bc-d434e5cc67df,North,Tablet,Electronics,30,109.78,3293.4,2024-02-23,2024
46,50d898b8-caaa-44a4-9f5e-7f735fe3d298,6c0cbfed-09cd-4281-b92e-9725fe54c7aa,West,Sofa,Furniture,261,169.42,44218.62,2024-10-25,2024
47,f45226d4-757a-4566-adfa-e1e4a4c47cce,74d0f215-695b-4f00-9fdc-c52357ea1a89,South,Smartwatch,Electronics,35,1353.67,47378.45,2022-04-25,2022
48,d784ebb7-819b-4d57-a794-732402445ff9,f5a170da-a0bc-47e8-b7cd-8392cec6b927,South,Refrigerator,Home Appliances,292,499.97,145991.24,2022-04-27,2022
49,fa293192-4248-46b9-ad99-b06af8a02ae0,718e3d35-1845-45e3-bbcb-1887128469a4,North,Headphones,Electronics,299,1134.8,339305.2,2024-03-27,2024
50,b04426fe-9292-40a8-82cf-4be6e6ea84c5,f2271879-d854-43a9-8b9a-9fbca8ff22a0,East,Jeans,Clothing,161,484.99,78083.39,2023-09-22,2023
51,efec705b-bc20-43df-893c-599839ee6d8a,02a18bbc-95da-4440-bc41-515ea1d85e38,West,Chair,Furniture,235,639.19,150209.65,2024-10-10,2024
52,d23daeef-5654-40f8-a4c9-d8c1719fa756,b67bb750-c95a-4688-8a93-8d2a8b9876ec,North,Headphones,Electronics,289,1992.23,575754.47,2023-05-16,2023
53,78107ad5-c52a-4f49-a137-738b98591520,3cc25f14-0765-456c-a615-f7481779e2f3,North,Wardrobe,Furniture,136,273.59,37208.24,2021-12-06,2021
54,c0b0db93-8aaf-49f3-b30e-d38f289748da,362393c3-d764-4d4c-8160-56480afeb594,East,Smartphone,Electronics,190,577.12,109652.8,2022-08-20,2022
55,c5e42638-3534-4788-a79f-28fe2d6b120c,962e7142-f37a-4521-94a1-1e868f620739,West,Dress,Clothing,271,25.57,6929.47,2023-12-29,2023
56,0370c904-9366-4dd2-b1d6-d91b68ae03c5,be3140ac-cc22-4363-9b42-829abb35985b,East,Smartphone,Electronics,136,239.7,32599.2,2024-08-31,2024
57,fb33f28b-9072-4909-9442-caeb67e382dc,e70d4229-efc3-4db0-a3d0-ef521bdaf8cc,North,Chair,Furniture,145,1213.61,175973.45,2022-01-05,2022
58,715408d4-b100-43f4-9b4e-17c1f1c601c8,3a678bce-a9e9-4bef-b866-86a91f698a2d,East,Chair,Furniture,259,982.18,254384.62,2022-07-28,2022
59,2c18ab0f-cd0b-4e82-a6cc-0a4cb478f55d,06622cb5-d317-4a48-9d65-89db58289f0e,North,Headphones,Electronics,142,97.73,13877.66,2023-06-08,2023
60,f937c756-5807-43e1-bc62-6953d0b57497,25fab6f5-0564-4f7f-bfbf-dd476200ed61,East,Chair,Furniture,83,1485.05,123259.15,2022-02-03,2022
61,7c2d9506-41e8-4f78-a6fe-fc6eaf6f9eb2,f9b69819-6bf9-4eda-a229-b0b12d1400bd,West,Laptop,Electronics,39,1890.65,73735.35,2024-02-04,2024
62,fc73f0ea-3515-4414-9eb7-dacb1eaad28c,c06b6fb1-3d1a-4ac5-ab36-2efd23987af2,South,Tablet,Electronics,299,1109.52,331746.48,2024-08-02,2024
63,d40a95a0-da5e-415d-a50d-b2ec585b26cb,26a25179-d2dc-4ac9-b4e1-991ee8f36989,West,Sofa,Furniture,158,735.66,116234.28,2023-07-24,2023
64,2e36953c-afd8-436b-956c-10a289240cf6,57a5016a-635c-4680-89ba-2d72c3ac644d,North,Jeans,Clothing,128,1337.2,171161.6,2024-11-21,2024
65,170b54b7-d740-44e6-9020-7b78eba1eabe,fcb31aff-07c3-4d47-8bab-9ed50bed8bde,East,Air Conditioner,Home Appliances,80,1852.27,148181.6,2022-11-22,2022
66,52f8e987-9713-43f4-8c67-35a6cd3180d3,27940f4d-f6fb-4ea1-93e8-d533b0a8f749,South,Table,Furniture,212,59.32,12575.84,2022-04-02,2022
67,9dd83541-736e-482f-8fac-8a7ac74a4892,2a4c8b4d-4154-4a79-ac3f-01ae328b90b3,East,Microwave,Home Appliances,137,326.8,44771.6,2023-04-22,2023
68,78ad6c42-126b-4927-ab10-a79cb6a9d13b,5b81e792-173c-4634-8fbd-73691d3618c6,North,Refrigerator,Home Appliances,241,452.64,109086.24,2023-12-08,2023
69,ba499333-e140-4f63-8f9d-1d0e52599341,5bdb802c-3c02-451a-867a-dbee7cd38869,West,Jacket,Clothing,117,453.62,53073.54,2022-09-20,2022
70,de22d41d-7578-43ae-9093-4fdf5d02a796,892a779b-4fca-4cf1-87a3-7e2506332789,South,Washing Machine,Home Appliances,143,1730.06,247398.58,2022-01-17,2022
71,085b2fb1-dfeb-4570-a087-55231bf2a873,f829844e-1fdd-4da5-8a2c-98a9f66861cb,East,Dress,Clothing,205,1362.24,279259.2,2023-06-25,2023
72,3a00a13a-5873-4551-ae84-371772080a89,500bbe34-5a25-4ca1-ad6d-0a8b02218df5,East,Laptop,Electronics,134,365.35,48956.9,2023-07-31,2023
73,2ae90062-a235-4c71-85e5-786ea3a2f8db,c503df65-ef2e-4b84-8428-055d4d207d61,East,Laptop,Electronics,223,697.92,155636.16,2022-01-16,2022
74,df30c945-0216-425d-a0df-1a5dc851ca00,fababe73-e37f-4f32-98aa-92105dfbf4d0,East,Air Conditioner,Home Appliances,262,240.14,62916.68,2022-09-25,2022
75,c1f79638-fa7a-463a-9506-369a3276fbcc,bada0ddc-1cdc-4d62-844e-76ab51b732db,South,T-Shirt,Clothing,224,13.37,2994.88,2023-02-18,2023
76,e3779a7e-0f1a-4e65-94ad-b3c714d118f7,be8006a5-0e69-434f-a8ed-62631407830c,South,Shirt,Clothing,36,1898.26,68337.36,2024-02-02,2024
77,2d7727a0-d6d8-44c9-819e-d4ff8523ceda,938c4edb-b333-47d5-8020-8fa4caed60c0,East,T-Shirt,Clothing,154,1019.17,156952.18,2023-12-03,2023
78,bdeca26f-c305-4bd4-b461-8463b6f3da12,d9456d7e-bf49-494a-9faf-f45d762fb79c,West,Shirt,Clothing,152,1113.28,169218.56,2023-07-20,2023
79,31488e4d-1e6c-4c01-8a2f-662c94d16f2d,addb73c4-90ba-4920-b0e4-2ee8a43663a0,South,Vacuum Cleaner,Home Appliances,90,1234.87,111138.3,2023-06-11,2023
80,49f7ae33-50b0-455b-b99a-903351489b13,cb644443-a400-4a86-8366-8ceb0b4dd762,East,Air Conditioner,Home Appliances,1,614.71,614.71,2022-11-01,2022
81,3e7be5e9-72be-4397-9237-a300151ea4ca,bc2be1e8-cc96-4c1a-8a87-9b8123830a06,South,Air Conditioner,Home Appliances,165,935.33,154329.45,2024-06-08,2024
82,c3d5c267-1105-40b8-a732-6fb314ec7407,4764bd79-cbd2-43fa-8d50-2b55788f7d98,West,Wardrobe,Furniture,243,1589.53,386255.79,2023-12-25,2023
83,cd70f861-64a5-47ba-8396-b753490a647e,88807b6d-5b53-463a-a4bd-f3fbd1a22cf2,South,Tablet,Electronics,264,1331.07,351402.48,2022-08-21,2022
84,fa61799f-0c13-4ebe-b1a7-6f15cb40a71b,30aae2ff-c419-4fbe-8426-f745e522a411,East,Smartphone,Electronics,159,457.03,72667.77,2024-04-14,2024
85,3962760a-371d-461e-a8f8-668a7018de00,7dea3bfc-ba44-4ae0-bad1-ab38bed22591,South,Sofa,Furniture,24,497.24,11933.76,2022-12-04,2022
86,65f7860a-cda3-4b13-a699-18365d5300eb,42a77f4a-ade1-40c3-a77c-5730c2002a44,West,Headphones,Electronics,213,1773.41,377736.33,2023-02-13,2023
87,79f770ea-23f7-4ed1-ac82-e234834ef4c3,35ef27d2-0be1-48b9-8be6-9d6720bbadf0,South,Vacuum Cleaner,Home Appliances,205,495.53,101583.65,2022-10-13,2022
88,96bae520-a3bc-47d3-b2a1-46d4d73afde9,da9563d4-7155-44e1-bcab-c9fb4a6483f9,North,Headphones,Electronics,113,360.01,40681.13,2023-02-28,2023
89,7e557128-5f61-4f96-86a1-b3567aeceaf7,3c3c309c-28e4-43ee-a1e4-54192860caec,West,Smartwatch,Electronics,128,1835.77,234978.56,2023-05-16,2023
90,98be6f08-1267-40b8-90de-93cc22bf1e07,7c53457a-d95e-4f0c-a5d7-75d103aff86d,North,Microwave,Home Appliances,238,1338.48,318558.24,2023-05-30,2023
91,6390f277-3873-496a-bf9a-603edffcf32f,bbcb8f15-4045-455d-b0df-86bcdc5b96d3,East,Air Conditioner,Home Appliances,259,859.21,222535.39,2024-06-27,2024
92,bd82c165-ccef-448c-9348-6e9d08e934f6,644e189e-1ccd-4d29-a092-c8414cbc06bf,West,Bed,Furniture,231,525.79,121457.49,2024-02-14,2024
93,b1dd3b31-cfff-459d-aeee-105297a261ce,dfc772e0-0412-4064-bd4e-d9ab265701e3,South,Dress,Clothing,249,1257.23,313050.27,2022-09-07,2022
94,690b3436-6c89-41db-8812-afd9283d9f76,f96bb004-b943-4cf0-bcd2-d082b84e32a5,East,Refrigerator,Home Appliances,147,476.64,70066.08,2022-04-26,2022
95,e536244c-c457-46a5-b675-f557070ae2c2,f890a614-dc10-46fd-af04-504c56241eeb,East,Dress,Clothing,42,285.36,11985.12,2022-06-26,2022
96,c2490652-ee97-4eb1-b9a1-74b8c1a20b89,c298227d-f4e3-4731-a592-5fa64db7e516,South,Microwave,Home Appliances,110,137.82,15160.2,2022-07-10,2022
97,d4d0a772-07a0-4bcc-8bd7-07b5123b9319,cc603ced-adce-4022-8a52-ec8daced9c96,West,Dress,Clothing,239,837.39,200136.21,2022-09-25,2022
98,c12b0459-9d1a-4ef4-9742-8c55c17581f6,e191bff5-079a-457a-9cc1-c91d33f9907f,South,Vacuum Cleaner,Home Appliances,300,1892.66,567798.0,2022-08-02,2022
99,45387813-f752-478d-9ba5-cd74e4c857e4,4630c438-d687-4a0f-a72a-17a9900f963e,North,Vacuum Cleaner,Home Appliances,4,1886.06,7544.24,2024-06-23,2024
100,7229c339-f7da-482e-a814-f37ff1fbed33,851cda26-b0e0-4ddd-806d-3e670dba7281,East,Vacuum Cleaner,Home Appliances,276,1497.56,413326.56,2022-02-18,2022
101,53ef094b-238b-4ea4-b5e8-5f460b2caeb4,504ea089-98b0-4035-8ffc-09ea4b3311c2,South,Microwave,Home Appliances,140,877.31,122823.4,2023-04-26,2023
102,aeebbc54-d272-4ea7-9ca6-6c90a456c60f,1cbdff92-04af-474b-9017-338f8ab7d754,North,Washing Machine,Home Appliances,208,1451.12,301832.96,2022-02-07,2022
103,cd019301-5832-4795-9fe7-92bf61e3fe79,2fc6e6de-6d75-4088-8500-372eb69d766a,West,Wardrobe,Furniture,274,63.66,17442.84,2023-05-28,2023
104,6001193d-e4c6-4542-9ac7-26852c409f18,43d020a0-698d-437a-bda3-769a83c4a2dd,West,Laptop,Electronics,220,280.04,61608.8,2024-04-30,2024
105,c74111ad-c0a3-434d-9c39-f5a4cd5bb6d9,4dc40ea3-4951-473d-9f10-8a290c608bf5,West,Sofa,Furniture,134,764.42,102432.28,2021-12-17,2021
106,7018f1d3-b65d-4f53-8907-8b774fd4fc10,fe1c25ab-ad7b-420b-9722-8f22e9b25a61,South,Washing Machine,Home Appliances,173,1524.85,263799.05,2023-07-05,2023
107,04651d77-e09e-4155-a28b-18a65f35563b,bde57abc-e1a0-4c8b-ae78-6da23f1149e5,West,Shirt,Clothing,130,1671.47,217291.1,2024-01-01,2024
108,0cbaa36e-0c92-452d-8588-6d2e1a5e94fc,8015c76f-c9bc-42e6-aff8-201f2205ac49,West,Smartwatch,Electronics,27,1999.82,53995.14,2021-12-23,2021
109,fbe36422-c6dc-48d4-9db0-1fe56016fa1e,aea733f4-cb0a-4fbe-bf2c-73b3251272b9,East,Sofa,Furniture,21,1510.92,31729.32,2024-07-24,2024
110,8cf41221-a626-4a79-b3af-b7ab3c085bff,03b497f2-7dcb-4dfd-bf7f-b4aa249fe92f,South,Sofa,Furniture,79,484.7,38291.3,2023-10-21,2023
111,09f1004f-d338-4204-b5b2-f3f592c3b187,2075f273-c41c-4f55-a658-4414ac294527,West,Smartwatch,Electronics,112,935.42,104767.04,2022-12-30,2022
112,4bf72e81-7ecc-43c3-804e-c6b0b76838ab,ae6db177-db57-4583-9815-e249f9525004,East,Jeans,Clothing,59,1557.81,91910.79,2022-02-05,2022
113,84849f5d-24c0-49df-b4cd-d607e1e39c9c,9df31458-77ea-453d-a5c7-58bfeb1219f4,South,T-Shirt,Clothing,297,61.1,18146.7,2023-01-21,2023
114,569bdcf8-b623-4d82-83e7-ecdb85bc2d63,79191f1e-9dae-46ea-93f6-7597e652791d,East,Vacuum Cleaner,Home Appliances,102,161.23,16445.46,2024-05-25,2024
115,b3edd93d-f5a1-4ece-95d1-9df57397a9a8,69cf0261-ea02-44d7-8d93-2b1ecc86daf8,South,Tablet,Electronics,62,1594.49,98858.38,2024-08-25,2024
116,25a6aa52-e4c8-4916-9318-9f0c52a00543,70edfac3-7fc9-4332-9916-30eab30f31f9,North,Dress,Clothing,220,1326.43,291814.6,2022-05-13,2022
117,27487823-e8da-4c05-ad7d-bb164f9a8139,4ffb8007-17a5-4699-b65a-a752c3b9c89d,North,T-Shirt,Clothing,216,1646.44,355631.04,2022-03-24,2022
118,a78a6100-f4b9-4c9a-aaab-6e3930a02225,a1aa5965-9cbd-4b82-b844-0ab0d01a93f6,North,Washing Machine,Home Appliances,236,1417.54,334539.44,2023-04-18,2023
119,5ba1ba6b-f630-48a2-968d-a5665b022de9,ab1062b5-400d-44aa-89fc-e02d58ff7a54,West,Wardrobe,Furniture,139,1235.67,171758.13,2024-12-03,2024
120,91089364-12ce-4749-8be1-725b838caefc,b4d1f6a2-76f9-444f-8502-a87fdd14b01b,West,Vacuum Cleaner,Home Appliances,138,651.39,89891.82,2023-04-26,2023
121,7e1f5646-49a9-4569-9d76-4d13b9c9dff7,de42f654-63c1-4cdb-bdf7-816fa112fe9a,South,Tablet,Electronics,231,495.29,114411.99,2022-09-13,2022
122,51aea405-1c4b-49bd-9fbf-16cec402c0b6,55ecf5c5-f7c7-4a0a-8ed9-e76a7b0cb38b,West,Washing Machine,Home Appliances,15,993.67,14905.05,2022-01-05,2022
123,0988c69c-e8c6-462d-9943-e26fd3285970,c2ac1db5-b437-40e6-846a-703c46637b43,East,Bed,Furniture,109,716.1,78054.9,2024-10-07,2024
124,7a93cd61-b881-4555-bb69-2c1eb6cfa722,81ab83ca-5b07-46cc-9251-9d69d22ea205,East,Jacket,Clothing,142,1116.02,158474.84,2022-04-07,2022
125,af6ae8b3-f391-45cd-b04c-94ae32bc6c09,3e74e4d7-e2ed-4d6c-9373-3ad9522f21dd,South,Smartphone,Electronics,209,982.27,205294.43,2022-06-03,2022
126,471d1a16-d915-4886-99d3-c58047528977,0f44e889-d20e-4b77-aa20-3207d44ed679,South,Vacuum Cleaner,Home Appliances,230,1587.94,365226.2,2024-02-10,2024
127,d7573b33-a11f-4d98-8a59-e8d1199f1387,8ac16d6b-9403-40ef-8a5a-1aa36fffb0ef,North,Jeans,Clothing,208,1386.66,288425.28,2022-11-07,2022
128,189d8b87-e7a6-486e-9521-de726f7cab63,e0ba534d-4407-4be0-9503-5079f02b8ad4,East,Shirt,Clothing,284,1066.53,302894.52,2022-08-16,2022
129,9b69d03d-3f91-41c0-a254-0101c1191851,82331e3b-3003-4037-8e07-e60ba8104f88,West,Jacket,Clothing,233,549.12,127944.96,2024-10-13,2024
130,0655c038-4306-4f38-851e-bd3aeaa0c2f3,292f1b54-0ed8-4c6d-a3b0-823eee1ca7e0,East,Sofa,Furniture,99,637.94,63156.06,2024-02-09,2024
131,61079788-4ebc-4a0c-b28e-5a3199d5ab5f,fea98fb7-f9d4-41cf-8367-f6d92c06554f,South,Table,Furniture,248,560.23,138937.04,2024-05-06,2024
132,cf7c9829-5035-4879-bb30-7d1c52943046,dfb8b78f-5ffb-4091-bc1b-ab4d3b4ebac8,East,Smartphone,Electronics,152,462.69,70328.88,2024-07-02,2024
133,70162083-e930-484a-986b-b7a3672d0e96,e31d8c77-eb23-469e-96b0-53fc5f7bb1da,South,T-Shirt,Clothing,274,261.9,71760.6,2023-08-24,2023
134,65bdccea-efbe-44a7-872d-6a5db1e86548,10c5852c-3709-496d-9621-626f3afcbb56,North,Smartwatch,Electronics,150,1397.86,209679.0,2024-06-29,2024
135,87c9f1e4-9a0f-4e3e-84ff-b8fe3eaae732,b7025fbe-401f-4c1a-9fdf-30731c833ae5,South,Refrigerator,Home Appliances,7,1152.39,8066.73,2024-01-23,2024
136,4792d30a-7cde-45ed-9910-6f8a7dd92931,53f39a94-5b93-46d5-bc4b-582db780fc61,West,Vacuum Cleaner,Home Appliances,175,376.88,65954.0,2023-10-22,2023
137,de2c505f-53da-4cfd-9914-163d46d2d64d,0c572602-a764-4c00-b1ad-4a1039cdd423,North,Shirt,Clothing,59,1646.01,97114.59,2024-05-05,2024
138,b8f804e2-8c76-4a91-816f-6b0956b72d98,1df9b4d0-744f-45a1-874f-2e0f0cc41c2b,West,Refrigerator,Home Appliances,296,1262.6,373729.6,2023-10-10,2023
139,17a85a2d-f0b9-4a06-9d47-02267d1ee66c,ee01ed8a-6169-49c9-b172-129956a27534,North,Table,Furniture,289,1898.76,548741.64,2022-12-30,2022
140,df198e28-349f-4c77-babe-65084d19ca0d,d98244e9-167f-411b-b20c-e0274c0f9c79,North,Sofa,Furniture,286,1531.24,437934.64,2022-04-05,2022
141,b364b0c8-c59f-4e6b-9e94-1842b93a81e1,5a7fa49c-6241-487f-bbd5-749cf0181fe9,South,Vacuum Cleaner,Home Appliances,227,601.73,136592.71,2021-12-09,2021
142,06fb5a71-5624-4ce5-8ddd-5ff6c86921b4,76b5fe87-cd2c-433d-8ab8-d39c5d90c335,West,Dress,Clothing,31,1223.17,37918.27,2022-11-06,2022
143,734dcbaf-de1f-463a-9006-167ee4c64e9e,fb2f832d-30cc-4b41-bf4a-9c681661a313,North,Table,Furniture,136,1324.25,180098.0,2024-04-25,2024
144,a53c3507-87af-4b63-ba79-2823d187fc4c,6af46d28-2ab2-41b0-8a4a-02af03b88112,South,Table,Furniture,283,159.38,45104.54,2023-01-15,2023
145,5998e7bb-0b38-474e-a7d6-bda133c03a95,72367afe-0e25-4c08-80ed-231cffd98b5a,North,Vacuum Cleaner,Home Appliances,241,589.61,142096.01,2023-06-25,2023
146,eac549fa-ed0b-485d-a832-f57feb21d839,178c9ba6-b121-42d1-8be4-cc40b7ce00fd,South,Jacket,Clothing,233,151.65,35334.45,2022-06-14,2022
147,6d4dfeea-80ff-4274-9728-6a8b41490460,b1c510ed-292e-4ca7-8fbc-c8b2e2b64764,South,Dress,Clothing,102,856.03,87315.06,2023-12-20,2023
148,264a7151-6395-4af6-a1f8-39f6e93445a3,d4229c0c-40ea-44da-94fd-bc7f325e579a,South,Chair,Furniture,73,152.11,11104.03,2023-11-09,2023
149,b84e551a-ff41-4dd4-afd9-965f1d10057f,09548cf6-8cff-4e7f-8814-10b850bcf192,South,Dress,Clothing,292,1843.17,538205.64,2022-09-19,2022
150,57d8d3e7-ea04-4c57-bbe2-e7749353eea9,6dac27f3-600f-47c3-a94e-025720a4f5fb,West,Headphones,Electronics,156,1402.47,218785.32,2023-11-10,2023
151,2116d9fa-67db-4900-a01a-476b83407ad3,72d35f78-642c-43cf-ad93-1d47c8f74b9e,East,Vacuum Cleaner,Home Appliances,42,1200.09,50403.78,2023-09-25,2023
152,740a57ff-801c-48d2-aa82-3ffdb4493514,62fad0d2-524a-4e56-9c0c-cd7d88ca5e64,West,Dress,Clothing,129,61.47,7929.63,2024-11-03,2024
153,6020ddb4-3d6d-4b37-885c-7b6cd735c09a,b995bd33-1166-47fa-985e-f209febc2d23,South,Tablet,Electronics,296,90.06,26657.76,2024-11-26,2024
154,a44f9d3e-102f-4ae4-b456-48364f6063f6,58c6ff3b-54de-40bf-81fe-22d112c2ef78,South,Air Conditioner,Home Appliances,227,1832.98,416086.46,2022-06-14,2022
155,63bd8ffd-38c6-449b-80cc-725d8a26d29c,7156e4a8-8332-43a6-8ebc-ea99293453c7,South,Vacuum Cleaner,Home Appliances,47,945.32,44430.04,2022-03-09,2022
156,fdea8ab6-e614-4e76-9dff-46d9c2013e80,c640045d-6466-494d-ac4e-2e56632cfdbf,West,Jacket,Clothing,54,1716.89,92712.06,2024-11-14,2024
157,1bb729e4-3417-4543-a56b-c82eaf00c995,15df4442-e0ae-40e1-8b9f-c05ec915a190,East,Vacuum Cleaner,Home Appliances,148,1328.54,196623.92,2024-09-28,2024
158,52a06e11-4b84-42ab-bf08-e0f828d4b33f,6638414a-0890-4ab8-9180-3f1bd9180626,West,Headphones,Electronics,46,635.89,29250.94,2023-03-30,2023
159,82b92e3d-574c-4a18-bc7b-3eec4537e69a,944fd22a-247f-4c33-aa02-736dc870d8c9,East,Headphones,Electronics,264,1651.61,436025.04,2023-10-12,2023
160,1772d4f3-a34c-4628-b163-1540754b18fb,c5ed1cc0-71c0-4cd0-9146-f98cfbc96c6c,North,Vacuum Cleaner,Home Appliances,28,383.29,10732.12,2023-08-19,2023
161,8dbdb716-1484-4041-b762-415b4d157dfd,5f5d07f6-7ab0-4217-9e59-c3cf7454fe3f,East,Vacuum Cleaner,Home Appliances,27,415.08,11207.16,2022-09-15,2022
162,82c79d6a-7f82-4b18-b6c7-078f647bd92c,5c4990ad-440f-4bc5-9fa3-dfa3fd671d28,South,Shirt,Clothing,249,251.64,62658.36,2023-03-15,2023
163,0f13c1d4-bbe6-4019-be27-444b2d2baf66,7beae038-d1d1-4c75-ae76-90b433a4ce8d,South,Chair,Furniture,283,37.21,10530.43,2022-01-09,2022
164,bebd53af-201c-4dec-afc4-4281e44943c2,57dd0609-ab3b-4607-afef-2c2e90bb8722,West,Smartphone,Electronics,59,928.28,54768.52,2023-01-28,2023
165,9cd989f3-229c-4bac-970c-5b218f1c8005,6160d230-c7e3-4459-99cb-240e6b45deef,North,Bed,Furniture,150,1022.66,153399.0,2022-06-20,2022
166,82a3bb60-cd5b-4cba-ab00-101108204f4a,c15e3e09-dc70-4e8c-ba14-da4759565eff,East,Vacuum Cleaner,Home Appliances,242,495.02,119794.84,2021-12-08,2021
167,837b0647-5689-41dc-a3d0-3d1abbea8bf6,92517825-f62d-4106-99b9-eb1929ba46e0,South,Microwave,Home Appliances,261,1495.12,390226.32,2022-01-04,2022
168,bf0b573d-ed19-416f-88f5-56c557295152,536c4b90-15ad-4e66-8fdc-9c07e123d0df,South,Tablet,Electronics,213,686.35,146192.55,2022-06-26,2022
169,590de7a4-7ff9-4e83-b06d-6ef2dab316b5,3274f05c-c27a-49a7-bb7c-1ad9529aa521,East,Tablet,Electronics,153,1676.58,256516.74,2023-11-20,2023
170,c1477b8d-3701-496f-8e43-a4b090b65991,d8fe7019-a0f9-466b-94d3-33f41a92b6f5,West,Bed,Furniture,276,973.84,268779.84,2022-08-25,2022
171,5ff85f39-2e98-4c56-ace3-50e53ab24cd0,c5cea2cf-b6be-41b7-88a8-13882a85285e,East,Vacuum Cleaner,Home Appliances,165,1740.51,287184.15,2024-06-29,2024
172,976ef39a-b009-4338-afae-b55a17afe04c,73a13dfd-873a-4c81-ad90-99c938d818bf,South,Microwave,Home Appliances,211,96.86,20437.46,2023-04-01,2023
173,adcce761-ae41-4d87-bb03-6264026f339a,116ed5ac-db86-45a6-9750-f8d45d89cc78,West,Vacuum Cleaner,Home Appliances,78,995.7,77664.6,2022-08-20,2022
174,056245c4-b8d1-4444-96c3-0a99375eff96,2b7e8f0b-c840-4469-8085-932757b9b075,North,Wardrobe,Furniture,170,1740.7,295919.0,2024-02-28,2024
175,c5817553-1d84-4637-865e-ddc37517db0a,78c28f3e-ea9e-4abb-884c-96aa2c358374,West,Smartwatch,Electronics,234,40.54,9486.36,2023-07-18,2023
176,deb54d6d-ef23-431d-a97e-c16ef48814fb,fa96a3be-5e48-4e5c-a47f-a73fd730ef4b,South,Microwave,Home Appliances,39,944.29,36827.31,2024-10-15,2024
177,9070adba-b33d-44e3-ba54-a4de310fdb58,99e82c6e-d32d-4b20-b5ba-c3356fe22630,East,Dress,Clothing,204,1303.17,265846.68,2023-11-06,2023
178,2fe19d58-60b9-44bf-826e-468a990aad14,2449fec9-5bbc-4408-ac24-9bd280938fbf,East,Washing Machine,Home Appliances,250,1746.04,436510.0,2022-08-05,2022
179,9a37787f-aebe-42ef-9b40-cc647a22afca,612f0abe-378f-45f4-92e4-40a577a90ca6,North,Smartphone,Electronics,148,1994.88,295242.24,2022-07-30,2022
180,b8684b03-cafb-4dae-98d6-443690999950,ddec00f3-caa6-4371-8823-45bd3410b0b2,North,Refrigerator,Home Appliances,52,892.92,46431.84,2022-12-01,2022
181,dfec2ad4-05c8-4706-a438-debdeda13102,7ee344e5-1d56-42e9-8c7f-96153d7649dd,East,Laptop,Electronics,167,1594.33,266253.11,2022-12-04,2022
182,dbce11c7-300e-47e7-8834-b8bc9ba542b7,5e5de49e-d5fa-4397-8742-782dc5ee81c5,East,Jacket,Clothing,221,299.68,66229.28,2022-09-06,2022
183,808900b6-ae23-4b4e-b8ca-241e913f63f3,16109729-0146-4440-acd6-f16abce4c606,West,Table,Furniture,90,167.15,15043.5,2024-03-11,2024
184,841afbf9-7cdb-4db2-9bcf-bedc6d883a6a,9bb6998f-7bf5-46ef-98fd-c7a9f93f9537,West,Bed,Furniture,299,294.8,88145.2,2023-08-08,2023
185,80968e8a-254c-4dea-a376-804b4c8be09b,4955df8b-979a-4b8e-8eca-942365002aaf,West,Shirt,Clothing,131,1337.01,175148.31,2023-05-14,2023
186,40790b87-1b4c-48b7-ba25-b7e72c42f40f,07b0965d-dce5-494e-a725-94684806096d,West,Dress,Clothing,81,156.99,12716.19,2024-05-21,2024
187,d5c4bef9-0da5-43e6-82bd-5f31235ff45d,b744c577-7a9d-4787-b676-456c35cb9042,East,Shirt,Clothing,129,919.1,118563.9,2024-02-16,2024
188,f186dcda-7488-4dc3-aabb-389d33f1b170,3920a250-9e8e-45e4-a045-3f18be839a6e,East,Bed,Furniture,248,222.24,55115.52,2023-04-14,2023
189,0e9d457a-c3b8-46c8-9a8a-7331f66b1d01,948b1895-b4ca-4e4e-9b1c-422e121abe44,West,Dress,Clothing,152,1985.46,301789.92,2024-09-16,2024
190,99ed83e4-333b-41b2-9e07-d0a5cd953f96,2dc72f02-8b78-4adb-b440-b42d88e6dba6,East,Headphones,Electronics,141,26.11,3681.51,2023-04-29,2023
191,6c116290-dca9-49c5-b90c-a83f67689a7f,53bfd650-557b-4634-b424-ba1f568da710,North,Washing Machine,Home Appliances,118,1218.06,143731.08,2022-04-29,2022
192,f7f0431b-4435-48fa-9c30-7832956331b3,51bef1e4-fd66-4034-9763-8572b2f1584c,East,Table,Furniture,129,1358.75,175278.75,2022-03-20,2022
193,b964344d-82bc-4f9e-92b7-59397e8bb252,b5c970c4-9e3c-4b91-af6e-931a9291c4a6,South,Laptop,Electronics,159,1579.33,251113.47,2023-10-24,2023
194,656e6a7f-82fd-4e06-b700-86047e60fddf,a0135ed5-3092-4721-a03e-e2c85c2fc2cd,North,Jeans,Clothing,47,1820.16,85547.52,2022-09-13,2022
195,7d502097-7bf4-4053-ad3b-8f3e9b2dad80,1a744e3b-cb55-48aa-8271-cebf16cf0c5b,East,Microwave,Home Appliances,103,273.0,28119.0,2024-09-16,2024
196,a4104766-051e-4a03-81a5-4113cb790a67,7e8a609f-5edc-431c-8761-d6869769d66d,East,Jeans,Clothing,132,1828.96,241422.72,2022-07-22,2022
197,b9e7936d-db90-4f14-a695-2cf6ebc4d9b8,2ac63a45-2f9f-4642-98ca-bcacde9be669,West,Jacket,Clothing,59,941.98,55576.82,2024-03-01,2024
198,097cfaaf-320d-446e-944c-511de3e78c53,d0e2ef6e-5f88-4668-9a5a-8869d1da1339,North,Table,Furniture,204,1934.87,394713.48,2022-11-18,2022
199,a712cc9a-a833-4de0-b9d2-2140c3cfa301,7c4c7ac2-c363-4cc0-ba14-872b7463411b,East,Headphones,Electronics,8,536.27,4290.16,2022-12-04,2022
200,7245eedf-31f7-4355-9ba9-88d9dc42345b,5c0adde4-0ee7-46d8-b378-106e02aa9029,North,Washing Machine,Home Appliances,135,1173.27,158391.45,2022-07-20,2022
201,dc975370-91be-4cb9-9050-711490a492ca,38259843-0997-4d57-974c-8758d08174ec,East,Smartphone,Electronics,242,59.8,14471.6,2022-04-25,2022
202,f3a3f222-8e5c-4f2f-91fc-8c2454884a55,98ea60a7-cd85-4a36-ba8d-1ba5e4e64159,East,Sofa,Furniture,238,1819.68,433083.84,2022-10-29,2022
203,372a4d8b-6557-486a-b0f3-a9191b38fc03,746a9288-74ff-473b-ae5a-ca606cdbf7c4,East,Refrigerator,Home Appliances,72,100.24,7217.28,2022-08-19,2022
204,236300f7-798a-44b7-8e8f-187740b43e38,a8c49a27-beb1-4d62-8adc-f102a2be0550,North,Shirt,Clothing,60,203.41,12204.6,2024-10-21,2024
205,51d6675f-cff9-4e81-833d-a5748c488f53,1fa2b44f-fedb-4788-9c09-83322b371487,South,Vacuum Cleaner,Home Appliances,190,1344.27,255411.3,2022-11-19,2022
206,6ee09c39-ab45-4964-9f2b-e0d6a5509d0f,6684b13c-18be-4dda-99de-2da38a23cd5d,West,Bed,Furniture,51,1669.05,85121.55,2022-06-21,2022
207,260be8f0-e1f0-4601-8af6-9cee67314de0,61b38a04-8be7-408d-b5de-2cff87361f0f,West,T-Shirt,Clothing,190,442.37,84050.3,2022-06-07,2022
208,dae52783-d84b-4aa1-8c96-805e738e5fd0,d511e47b-c710-448c-93ba-2c23bf521c8f,West,Chair,Furniture,51,1962.05,100064.55,2024-09-17,2024
209,1149e7b5-e83a-45eb-9b1e-270e7b2ce648,2b752279-5640-4bd8-9a86-f969e6e008f2,East,T-Shirt,Clothing,204,559.0,114036.0,2024-01-02,2024
210,2d946ec2-ed7c-4ff6-bef2-fdfd83e65fff,444295fb-5f75-42ba-a302-605b04519cd3,North,Refrigerator,Home Appliances,109,1286.99,140281.91,2024-01-02,2024
211,c8023046-bb9a-492b-93aa-3b36ddda9701,50686231-9775-4641-b59e-5513e8b57e7d,North,Tablet,Electronics,125,1977.75,247218.75,2022-11-29,2022
212,52995a02-585f-4738-93dd-ee7c68df2725,5557aabc-655e-49d7-8e52-3c39d88b1047,South,Smartwatch,Electronics,107,1176.9,125928.3,2024-03-07,2024
213,7823b4a4-aa92-42d1-b8fd-a965ec20fb33,883ebf83-b9dd-4db3-8499-6c7e653f1aca,South,Jeans,Clothing,2,561.78,1123.56,2023-11-24,2023
214,86535210-cbae-4797-98e0-2b9eb882b1e8,826dd273-5861-4662-ab78-111004ea1437,South,Wardrobe,Furniture,129,1599.04,206276.16,2023-09-28,2023
215,b4f96115-ed81-473c-85c8-1ded76fb8609,18a48c1a-0805-4e8f-9275-002d24c06c64,North,Smartphone,Electronics,8,722.9,5783.2,2023-03-23,2023
216,9e59bbf0-8288-4862-a288-895b622840b4,74112665-27bf-4ed9-b636-4007dee2c6c9,South,T-Shirt,Clothing,90,538.08,48427.2,2022-08-21,2022
217,114beeea-bf31-49d8-a3d9-8c6790ff81c9,7f79c590-37f7-4a14-b9dc-5592b021ef96,South,Air Conditioner,Home Appliances,59,1493.87,88138.33,2022-04-27,2022
218,112b9f60-fe1c-4274-9843-245f9ce72219,ca667748-391a-4ba6-a5ed-f77ea3159ca0,West,Washing Machine,Home Appliances,263,1191.4,313338.2,2023-05-26,2023
219,22dabc73-6b16-421d-8d1e-70e7ef094f1c,bb74bc8e-6080-4ef2-814f-55411cd6e49c,West,Wardrobe,Furniture,23,1457.21,33515.83,2023-03-13,2023
220,92ba35ec-8d2b-42d5-a709-94be22c6672d,784b0624-631d-45c2-aa0c-8922fcdbad5a,East,Refrigerator,Home Appliances,32,1997.19,63910.08,2023-05-05,2023
221,4329f805-4eed-46aa-8307-f10bf46eaa95,9d7a1e9a-636c-4614-bbc6-03c8078aa9d7,West,Refrigerator,Home Appliances,252,1427.68,359775.36,2023-07-17,2023
222,26fa72bf-f3f3-43b0-9203-db9ad3b6d0cc,7e26022b-916d-4d4d-9687-cfd5e658fa34,West,Laptop,Electronics,165,1220.51,201384.15,2023-01-15,2023
223,e702413d-eefe-45f5-857e-10389875568e,b9b37d63-12e7-4f0d-96c2-7dde865075cb,North,Chair,Furniture,300,1101.23,330369.0,2022-06-22,2022
224,7d830cc0-fc43-4232-a098-f5addfef4bb8,f9903fc4-4828-4823-948f-a498af607128,East,Air Conditioner,Home Appliances,272,596.85,162343.2,2023-07-13,2023
225,ce8aa1ee-89a9-433f-b306-f287e74841cc,629f4b90-ed73-44b5-82d6-31371bbf216d,West,Laptop,Electronics,283,1444.47,408785.01,2022-05-29,2022
226,0f0534c7-bb59-404d-8e74-63cf2623ab6c,0acb85ce-180e-44d9-b6e7-1306312d1240,South,Vacuum Cleaner,Home Appliances,117,833.49,97518.33,2023-10-14,2023
227,851bbd8d-9def-4b66-af32-f085deab93d8,57e8dc8a-fe5d-4089-956d-608263c2331b,West,Vacuum Cleaner,Home Appliances,49,631.97,30966.53,2022-02-05,2022
228,d3f408fe-cc44-4646-ba91-363a3efa375f,bbe6625c-488f-4cb4-911d-cdd572626f7d,East,Jacket,Clothing,79,1376.77,108764.83,2024-01-16,2024
229,ebc0b147-891a-470b-b5ed-2e8568ed3c57,515064c6-307f-4cbe-925f-a97798c9632e,West,Laptop,Electronics,44,195.53,8603.32,2022-03-10,2022
230,fcdf78ad-3b52-4c57-abc9-90544d830d9d,bc208ee5-d7da-4742-bfae-06a9d20dec0a,North,Jeans,Clothing,285,129.36,36867.6,2023-05-07,2023
231,287164e6-5bc6-465f-b234-c5b0cba07155,70c24a4a-85bc-400a-b96e-5c4a0b70a630,East,Headphones,Electronics,182,1748.48,318223.36,2023-01-07,2023
232,72588639-fb91-42a4-8e7f-10f5c003f4c1,dcbe1b85-e9dc-4de3-9889-9a648626b02d,West,Tablet,Electronics,160,709.78,113564.8,2022-02-23,2022
233,fd4b1031-d900-4ad9-a145-5a7dd06926ef,0ef7a323-b843-4fab-a38d-0b7635e2cc4a,South,Bed,Furniture,115,1696.08,195049.2,2024-02-28,2024
234,c593914d-98bb-4088-918c-2ebdea5820ee,ea4e1efd-c982-4748-b22c-81761b841d67,East,T-Shirt,Clothing,143,1152.46,164801.78,2023-03-15,2023
235,38077a16-7923-4e27-947b-299c8013b100,cb476a62-b9b3-48ce-931f-ba4209074cc6,West,Smartwatch,Electronics,137,67.62,9263.94,2022-12-08,2022
236,b75ca876-ee81-4a13-8693-93f7221a429e,1bde36ca-c322-4cae-8a9e-68ffa1c2f966,East,Jacket,Clothing,180,22.15,3987.0,2023-03-14,2023
237,69a58242-3d14-4716-8387-3360c6c361eb,21426953-ef6d-4a5c-9c8e-ed6ca0bf7b85,South,Refrigerator,Home Appliances,73,1484.53,108370.69,2024-10-22,2024
238,f2eafbf1-d7b6-4f26-afb6-f08dc426183a,6e88d75d-0655-447c-8029-8567b9d22591,North,Smartwatch,Electronics,111,758.63,84207.93,2022-11-01,2022
239,abcb6555-debb-46fd-88d0-f0eec1b39a8d,06c6dff6-e4bc-46a0-b705-19220467c473,West,Jeans,Clothing,190,630.16,119730.4,2022-12-24,2022
240,99ab8975-e281-4148-b0fa-55c3a014dadd,e64d3122-a167-4533-8854-93148113b298,East,Laptop,Electronics,80,323.25,25860.0,2023-08-28,2023
241,977b608c-ae6d-469b-ac81-4df198b87f56,ea26b077-2f52-47b8-b155-d74f47a3292b,North,Tablet,Electronics,227,1327.26,301288.02,2024-12-02,2024
242,0e1fa802-022e-407a-867d-2fde8eadab60,0a7d9fb0-bbe0-4d33-ad46-1b9caa81dd16,West,Vacuum Cleaner,Home Appliances,140,438.98,61457.2,2024-02-24,2024
243,98a9b893-4325-43fc-a2ca-c0bf77f4e20c,16041ab2-7e21-4d39-81c1-99f3ec234d44,North,Shirt,Clothing,57,573.66,32698.62,2024-05-25,2024
244,085cc88a-b2ec-4954-8d33-449749274093,621ae4d3-29b7-4a41-891f-e71db2c337bd,West,T-Shirt,Clothing,113,796.57,90012.41,2023-08-30,2023
245,81fc7fef-58d9-44be-9c38-fbb9b8eb92af,e78e4d3d-8cb7-45a8-a7d7-9072e43bf155,North,Smartphone,Electronics,155,1891.19,293134.45,2023-06-19,2023
246,87cea940-ac56-468e-96a4-b9be5e486d8c,104b73ca-f36c-4890-955d-c952897ed00a,South,Jacket,Clothing,168,248.77,41793.36,2024-04-24,2024
247,712b78b5-0942-4de1-a1e5-25739e8266df,29452c0e-2168-48dd-b544-7f2485761f41,West,Microwave,Home Appliances,67,766.61,51362.87,2022-01-02,2022
248,65626aae-6ef9-4643-93b2-50935429a103,32bd1f0a-5b0e-4f40-9e15-93023aa46059,South,T-Shirt,Clothing,204,1724.91,351881.64,2024-04-17,2024
249,6b1d85e6-cace-4a86-8aa1-a3b0cfff7d8b,b03455a0-982a-4f2c-a708-1a80a20c9c8c,North,Refrigerator,Home Appliances,236,1843.11,434973.96,2022-11-30,2022
250,6f6dc052-e5d4-4400-9401-7bbc5c6a1dbb,6b5e02be-de27-4e52-97a0-d4ab2031d002,East,Air Conditioner,Home Appliances,208,1421.9,295755.2,2022-01-13,2022
251,ed23be97-168c-404d-99ef-e543fa7e2fcb,85b1e6e2-97a1-4f73-96c1-6232ecff37dc,West,T-Shirt,Clothing,208,51.5,10712.0,2024-11-19,2024
252,bb80ebae-a202-40ed-9d8e-21a35a007775,fb16595b-9e14-471a-a4eb-67ef7bd9fca2,East,Wardrobe,Furniture,236,1665.73,393112.28,2023-07-24,2023
253,7bf2e665-7d1c-403f-bf0b-bc9d0995a55e,126146a9-02a2-4581-bec0-e8280b263db0,East,Headphones,Electronics,55,494.2,27181.0,2023-07-19,2023
254,31e0c508-69a9-4d06-aa65-f5dbe0528da6,7d73156c-0923-454a-831f-38b5d3939a12,West,Headphones,Electronics,159,1494.15,237569.85,2023-12-07,2023
255,9d6bebde-d4c4-4d39-9325-9f72f19fc8ac,84ab4680-fe44-4582-a6bd-e98621a291d0,South,Jeans,Clothing,40,1025.86,41034.4,2024-01-21,2024
256,94708b87-76a9-4e7b-8d55-34dfecbc8e98,edc82381-d380-458a-bb09-c1ad4ce7a973,North,Chair,Furniture,180,1457.48,262346.4,2023-05-20,2023
257,f8fd4b38-e9c5-4d6f-8332-23faafcea887,5bde2cd3-40e2-4805-bfaa-ac5acd40bec3,South,Sofa,Furniture,75,519.38,38953.5,2022-10-17,2022
258,ae31c921-e112-4a52-8257-a1bf2d0b6f75,c31c00bf-3434-48cb-9469-e7a232029c86,South,Sofa,Furniture,91,1903.07,173179.37,2024-01-25,2024
259,b126f96d-1a77-4eaf-9082-12c6bd9cb751,39dd2c82-d051-4af5-bc55-f8c0deb4c30e,West,Air Conditioner,Home Appliances,297,903.32,268286.04,2022-06-19,2022
260,1f5303e6-da9c-4fca-bb45-a642c62b43d8,c0a2c2e6-21aa-4ad4-b0dc-e2d8e837ac70,East,Jeans,Clothing,226,145.89,32971.14,2022-11-26,2022
261,5e816e46-3a73-4f6a-88dc-866b04c64862,a8245541-921c-488f-a3e1-0271d95b1b27,West,Jacket,Clothing,29,710.37,20600.73,2024-09-12,2024
262,49505a35-a2ae-47e3-9f9f-7d2f502f4af8,e9e3ffa5-948e-4861-8c6b-73abfb7e0b3a,North,Shirt,Clothing,232,84.84,19682.88,2023-05-07,2023
263,8177ad76-b7c3-4f7f-8cc0-fd2b86c40530,0bbd0d39-6019-4b1f-b528-a8df000f5d14,East,T-Shirt,Clothing,47,1233.87,57991.89,2022-12-28,2022
264,2bce0169-ccb7-42ae-8619-92bd2ba1777a,28d58014-10d1-470c-b533-58ed721809fa,West,Air Conditioner,Home Appliances,284,1908.92,542133.28,2021-12-09,2021
265,abe537a0-1dc5-4484-8009-1fcd9de84369,8dbd06bb-ba88-44b4-b19e-33b8b3a066fb,North,Air Conditioner,Home Appliances,97,649.84,63034.48,2024-08-11,2024
266,df38f784-d69f-42f8-9f9c-a303b2517be6,43efadd7-cdb7-4355-8d70-cc506e44c4cf,West,Sofa,Furniture,231,215.97,49889.07,2024-10-28,2024
267,65dfcfe9-7cb9-495b-ade7-50dbe1e222f9,f259c44b-6f70-485a-a9d1-fd02aef561bc,East,Smartwatch,Electronics,89,87.89,7822.21,2023-02-06,2023
268,7ff6ee97-3cd8-4641-ab7e-809484eb06e7,c80e1373-de3f-470b-b4b8-2e86bd76eefc,West,Air Conditioner,Home Appliances,268,1223.51,327900.68,2022-08-14,2022
269,0b5f3129-7ceb-490d-81d0-afd7ed7e3eeb,bcfb42b6-59fb-4635-9a30-132c2a70ab01,East,Jacket,Clothing,199,823.45,163866.55,2024-09-11,2024
270,fced0d4d-7d80-4af8-8972-602fdb066407,70e08e89-818a-4aad-be19-86dcab207f10,East,Tablet,Electronics,34,666.08,22646.72,2023-06-27,2023
271,e56dd11c-45ae-4b00-99d7-756371dceb98,3d63585d-4e2b-465a-91a6-6118bce18165,West,Jacket,Clothing,77,673.39,51851.03,2022-09-10,2022
272,704d639c-d6c3-402a-af7a-8cc24408dbae,b96563ff-68f1-48de-a6c3-852812fd19a6,South,Jacket,Clothing,201,266.61,53588.61,2022-06-25,2022
273,c9b04c3f-31cd-439c-af30-695dfe2c250a,fc99f52d-f3b8-4b5f-b8ae-d6252b7dd303,North,Dress,Clothing,193,1290.55,249076.15,2024-04-04,2024
274,d9123572-0ea7-47f9-827f-2e739eb2604f,c2b04bb4-fb2a-4a46-85d4-97275899f6d7,East,Wardrobe,Furniture,48,1295.59,62188.32,2024-07-08,2024
275,51e22e93-93aa-46cd-b608-464d790af359,dedfdb60-4564-4992-9e6a-58237ddde65a,West,T-Shirt,Clothing,186,624.64,116183.04,2024-03-11,2024
276,ff7648ad-f97c-44bb-ab3d-b9ab1fc43980,708257bc-8726-4adf-8e11-917fd24d2699,South,Shirt,Clothing,99,460.82,45621.18,2023-07-31,2023
277,90453166-df4c-4a4f-abd2-33d600ab225e,2b19a43e-600e-4979-b23a-b8657f5341e9,South,Sofa,Furniture,152,1690.41,256942.32,2023-08-16,2023
278,38268e70-5584-444f-95bb-1ffd6567e4fd,96754f01-af8b-48ef-9ff7-45635a555ac2,North,Tablet,Electronics,68,1198.52,81499.36,2024-02-02,2024
279,521b5fbf-4024-4fee-a8c4-e3c9f6aa7eee,f00129ac-6f03-4871-8f28-b839decfa683,South,Table,Furniture,85,1445.15,122837.75,2021-12-19,2021
280,bab962e2-aff0-4752-8b4a-d6770156a045,6184956a-d104-479f-a2f8-63366e9c67c1,North,Washing Machine,Home Appliances,122,1939.48,236616.56,2024-05-22,2024
281,652c28dc-98b2-428e-bd6a-dfa5f2d0a8ba,72dc333e-52d8-4f98-9d08-0e0b5993f90b,East,Microwave,Home Appliances,274,485.95,133150.3,2024-05-21,2024
282,8ec91732-7b44-44d2-b4c0-b414fe72b1fd,8c2456d6-79a4-428c-b4d1-21eaa68c417a,West,Chair,Furniture,293,1969.04,576928.72,2021-12-25,2021
283,78176df6-440d-4ee8-ac1a-0b600eea9b79,c673b441-71ed-4a00-ba08-79647a6d21aa,West,Shirt,Clothing,258,1059.64,273387.12,2024-08-02,2024
284,ae8eef56-d0d4-480a-9c68-f5e0758a4d15,bbdae7f3-5e84-4dfe-adb8-4ffb037668c6,South,Wardrobe,Furniture,71,1747.27,124056.17,2022-10-25,2022
285,e640aa05-8eb3-4808-b709-47177ebc8dae,9130af12-9c3f-4ce4-ba8c-b42f6fc764db,North,Washing Machine,Home Appliances,284,1869.24,530864.16,2022-12-31,2022
286,36b8cd0c-a71b-4a9a-a318-d61c996373d1,06f2843c-10f7-477d-bebd-33b04c4f05ef,North,T-Shirt,Clothing,83,552.85,45886.55,2024-07-16,2024
287,83cf567f-e30a-4605-90bd-e99b357f9d47,5cd8d9c7-dd0b-48a4-8b4c-9c000a2ae780,South,Refrigerator,Home Appliances,114,1635.24,186417.36,2024-07-22,2024
288,36576165-f693-4e7c-9dc6-734ad62e90be,55f1d196-1b91-4188-a25a-72b278359eb1,East,Headphones,Electronics,28,798.94,22370.32,2024-05-23,2024
289,7bf30ecc-8836-4d15-a50b-929c26948499,8bd7ad32-0efd-4f9d-a448-32d1863c42a5,East,Bed,Furniture,42,756.08,31755.36,2022-04-28,2022
290,69a7efbe-df59-4c11-a19d-344747581b2a,06a3db2e-abd8-4cf9-8c67-7a048cfe1378,North,T-Shirt,Clothing,172,1584.85,272594.2,2022-04-25,2022
291,2a3a2be9-c674-48d0-97ca-af0a6f5f6604,fa9964ad-6f1f-433e-8450-b25797983485,South,Tablet,Electronics,242,1395.18,337633.56,2024-07-03,2024
292,c94b1875-c363-406b-bb4e-12986944bc8e,3001dc7d-1869-4c4e-b60a-64e9a5667acd,South,Vacuum Cleaner,Home Appliances,3,1812.66,5437.98,2022-06-15,2022
293,116f98fd-22d0-4e7d-bbfc-b5746b6a792f,e114eef7-2d60-4ba5-aa0f-7578d0706dcf,North,Jeans,Clothing,77,1102.12,84863.24,2023-10-15,2023
294,c7ee9961-957f-4e66-985c-78dc1fb58642,0b4b6797-29f1-4ac3-9030-a38716011e46,West,Tablet,Electronics,122,609.29,74333.38,2021-12-22,2021
295,27c7ecef-f22d-46b4-8a97-c2c6ab17a563,3bd657df-5d37-43fb-8ab9-9d8557a0620b,North,Bed,Furniture,235,134.99,31722.65,2022-08-29,2022
296,2631085c-1008-41bb-9047-bfef96489d3e,e87436d9-bceb-435d-a83c-7a614f14cfda,West,Smartwatch,Electronics,295,491.46,144980.7,2023-03-21,2023
297,3990c04f-fa57-41ec-866c-e1f16960e5e8,b7cfc314-8448-4dc5-8b3a-bfc454afd79c,South,Shirt,Clothing,1,1233.47,1233.47,2024-09-13,2024
298,6de194f4-587c-4a70-96ea-69b7923fecab,7c8b7439-b36c-4842-b804-f872f4afe0e7,South,Microwave,Home Appliances,44,1051.73,46276.12,2021-12-27,2021
299,94b5c07c-e4a4-4613-8dd9-3e72cee91e46,f11f82fd-0e62-49ef-999a-225eb8790bb2,East,Smartwatch,Electronics,279,1019.58,284462.82,2021-12-06,2021
300,f4694a4f-3dc6-4056-9c44-f83588e8b949,96eb9aff-7d90-4b2f-ad81-9c573e0343dc,North,Vacuum Cleaner,Home Appliances,23,1274.98,29324.54,2021-12-06,2021
301,da5babd0-1dcf-4fac-a00f-b18df63d7dff,ddbb62fd-6075-4a2f-8ef6-509436c64c9f,East,T-Shirt,Clothing,183,1579.15,288984.45,2024-04-28,2024
302,3e8bb721-f2ed-404e-a811-c701d5646ae3,ef3812f1-15f6-484f-8a0b-eee3a5d48083,East,Sofa,Furniture,298,1473.02,438959.96,2022-01-31,2022
303,4bf367d5-b309-4598-8322-54f4c0fed44f,dd66d730-ad21-4a89-98f6-84e3f903fcf7,East,Sofa,Furniture,181,1096.57,198479.17,2024-08-06,2024
304,28506e9b-8462-4f75-bcb6-d8f9f84d41b5,cc84d693-cd0e-4ce0-bc21-2eb8a0dbdd32,South,Vacuum Cleaner,Home Appliances,94,1624.88,152738.72,2022-03-07,2022
305,c1057fc2-6807-4007-b07c-280aa874b845,5cdffc6f-d6ec-4b14-96c6-c408bb69c59e,North,Refrigerator,Home Appliances,151,411.17,62086.67,2024-06-11,2024
306,1fff5201-d1a8-495e-8af8-97a9d23b8eb3,3d00f0ac-f788-4fac-a084-e3530a9d841b,South,Tablet,Electronics,159,1035.61,164661.99,2024-12-02,2024
307,63628bca-70a7-4aa6-b16b-b60d7bc9a26a,4a250ebf-6dda-4292-99f9-b13899313277,West,T-Shirt,Clothing,98,579.36,56777.28,2023-06-27,2023
308,1abcfcba-9b0a-49f1-bf9c-6e9694db2e3a,072f9916-f7c6-4c9a-8046-f13a10d93258,North,Jacket,Clothing,64,1600.69,102444.16,2024-06-01,2024
309,3b3ffe6a-4d44-4d97-88b3-016beaa92233,18495e42-99f2-4794-a4c3-e6eefc9f4914,West,Vacuum Cleaner,Home Appliances,198,684.68,135566.64,2023-01-19,2023
310,6ba30f67-591b-46be-97e1-5abea55bfab2,ba80d0b2-07c0-4843-bb55-b6bb01626f46,South,Vacuum Cleaner,Home Appliances,189,1849.38,349532.82,2022-09-27,2022
311,4e3895db-ffa9-4b66-812e-778e10595f31,8f44553d-6582-40bf-b128-b4c401d5c8fa,East,Headphones,Electronics,41,866.91,35543.31,2022-11-30,2022
312,820b3f62-9024-49c3-bfa8-cfccc1152dfa,7add554e-e6dd-4253-b633-b345c92d5981,South,Jacket,Clothing,53,169.34,8975.02,2023-12-16,2023
313,eaa48de1-717c-4f91-8386-59c770266d28,14a8ef0b-c44a-422e-bed4-02ecf692d8db,East,Shirt,Clothing,219,341.62,74814.78,2022-02-28,2022
314,4eb8411e-ed27-4ba9-b015-d1d27f5133e9,880edfac-f8c9-4846-891f-75c650e69dea,West,Shirt,Clothing,22,1456.36,32039.92,2024-10-25,2024
315,8c914a62-cbd4-4d90-a722-5cce0568c931,2b8250eb-21db-4a96-8392-09a29aaf16b4,East,Washing Machine,Home Appliances,30,159.33,4779.9,2023-08-06,2023
316,71e6a082-d0df-4354-b409-a55a8330129f,59697c1d-17d7-4f7e-af4b-d2e31ea20d1d,West,Dress,Clothing,82,1906.05,156296.1,2022-12-08,2022
317,8b13353c-a474-4250-95a6-5851274de878,4a83c902-bdc2-4eb0-8445-1b8e975fa12c,South,Refrigerator,Home Appliances,65,143.79,9346.35,2023-04-24,2023
318,837cf030-4aba-4d1b-98d7-63324088063c,279800aa-924d-46d8-96c8-b1c967307d06,East,Shirt,Clothing,291,74.45,21664.95,2023-09-01,2023
319,af743960-89c7-463c-8376-e6e47ba7b1a0,877f0f95-e22a-4a96-962f-efa74058a12f,South,Washing Machine,Home Appliances,191,893.44,170647.04,2022-08-26,2022
320,c43d1813-152b-49b6-b56f-a0eeb158215d,f6a7f423-fa5d-4847-b5d7-9c4a2852b5e7,North,Wardrobe,Furniture,188,802.09,150792.92,2022-02-01,2022
321,181889a3-cd3b-44c7-98ae-d123fc0a2353,f3004f36-15cf-4e20-bf90-644bd8877e29,East,Sofa,Furniture,14,1473.99,20635.86,2023-03-22,2023
322,a9ed6bb1-0796-4b06-b19e-e6480dc3346f,9527fd84-8013-4cd2-a585-cab114bcdf6c,West,Air Conditioner,Home Appliances,61,530.94,32387.34,2022-02-19,2022
323,1153e30c-0fde-4b61-bb6d-52814e9f6dd6,7c4f2c01-c4b8-481c-9289-378183fb15eb,East,Microwave,Home Appliances,147,1391.02,204479.94,2024-03-02,2024
324,41fe840d-0bd0-46c9-9833-173855b211b4,c973263b-3ef8-4f8b-bfb7-fcb32f4dd66b,West,Sofa,Furniture,70,1707.12,119498.4,2023-07-04,2023
325,25094a13-5674-4f88-af52-38e227f4284b,01c660b8-5e63-4a9d-b769-10f6eb6425d8,West,Bed,Furniture,45,1622.92,73031.4,2024-02-02,2024
326,5ea41488-c79b-4f4d-939b-67387ee05719,5fcfa894-fdcc-4aef-bf43-87d08f0e9e2e,East,T-Shirt,Clothing,282,1088.92,307075.44,2023-11-13,2023
327,52483adb-d6cb-449c-ae57-710db5da84f9,a2d00758-8ea3-422e-868a-2142dce89b52,East,Table,Furniture,186,1022.42,190170.12,2024-02-26,2024
328,33430cfc-9d4e-415f-8cd1-c1401f533d75,32951e02-5399-4e3b-8c58-7cc39f34ad4e,North,Table,Furniture,122,1582.84,193106.48,2024-08-13,2024
329,47b427cd-8304-4567-b7cd-893bde0f494f,e541c47c-a63e-413a-b8b2-60100c9aab79,North,Dress,Clothing,294,744.13,218774.22,2023-07-31,2023
330,8918cced-cdbb-4626-9805-4cd58bbd7f65,fc24d634-5be5-47d8-89a7-c84be911de8e,South,Laptop,Electronics,159,802.34,127572.06,2024-04-29,2024
331,3abaad66-72e2-4851-af66-bad11b59a32b,4f0a74bb-fa21-4c03-b8e0-3c6e6326d445,West,Vacuum Cleaner,Home Appliances,295,156.76,46244.2,2022-11-02,2022
332,c7ae3795-8eb4-406f-b01c-74b2dd2f545b,59c5ad8f-0d71-43ca-aeec-2339162305ea,East,Headphones,Electronics,239,1363.42,325857.38,2024-01-31,2024
333,2a518ca4-314d-4fa0-9e21-be6ffd5b008c,44a4106d-bda0-410b-ada6-2b08e4e1879a,East,Wardrobe,Furniture,94,1537.89,144561.66,2024-06-01,2024
334,e86fa172-825e-44a0-b15a-3447dc509606,0aafff8a-6a10-45fd-8571-1c772a6ee7ba,South,Air Conditioner,Home Appliances,29,1664.47,48269.63,2022-11-18,2022
335,33dfc8c9-ac73-4658-a030-ab23dba5e645,8a926436-75ba-4fb4-85ad-2af9b1c5822a,South,Jeans,Clothing,83,652.09,54123.47,2024-03-28,2024
336,0c5d249c-44a9-4247-9445-a1a6d5678d42,8bd9a2b4-16ec-4f18-9c89-f6cf5af212e5,South,Dress,Clothing,146,1693.41,247237.86,2022-06-27,2022
337,382e04da-00f1-4c8a-b031-682cb12e3629,5b61c708-6949-4174-a0d8-8a0aaef5c91e,East,Wardrobe,Furniture,141,259.09,36531.69,2024-07-23,2024
338,65956c75-0ee9-49bf-8409-948b81fa58c3,2217fbf9-a2b7-4724-a765-e9939f3097ee,East,Smartwatch,Electronics,87,1187.7,103329.9,2024-03-03,2024
339,46fe76b9-8f06-4c7c-a9d5-9badd8e73968,97e8ef54-15aa-4ce2-9ff2-f43e34e5b403,South,Wardrobe,Furniture,173,1686.63,291786.99,2021-12-31,2021
340,585e5fb7-32fe-4375-b4f5-8258a95d70a3,d3cec170-1e59-43f6-82d6-59da88b002ad,North,Laptop,Electronics,24,1897.61,45542.64,2024-09-10,2024
341,635b6e51-532c-4217-843e-400e78987a42,8f2e9819-0461-4364-81c0-793a46c78608,East,Wardrobe,Furniture,214,1240.04,265368.56,2023-12-23,2023
342,1cef2eb0-8810-4134-8e00-25ce86a75c04,dafeccb7-9f26-4e02-b233-10b8cb833e19,North,Air Conditioner,Home Appliances,149,1287.4,191822.6,2024-10-14,2024
343,1df4c253-2a82-4969-8aea-2a1525af67eb,691274bc-40c7-411f-984d-4e87d34b86a9,East,Microwave,Home Appliances,208,601.89,125193.12,2024-02-18,2024
344,983c3160-e828-4099-a32e-3ea1dece4b20,c03db83c-689d-4130-afc0-6ef7c1d00e85,North,Smartphone,Electronics,226,837.09,189182.34,2024-07-11,2024
345,ba7e20fa-d170-4ebd-bbd7-db5c0f2561f4,eb7e9126-f8f2-48e5-b874-3b789938fc8d,West,Chair,Furniture,74,632.04,46770.96,2024-03-31,2024
346,44508a5a-a730-4de3-9db6-20d3cd85c38d,1e570dfb-aa14-4250-815f-44b7cea422b8,East,Shirt,Clothing,67,1523.72,102089.24,2023-09-04,2023
347,098512dc-c74f-4b5c-871f-b11b4ce1efb9,3dfb3fc0-d4bd-4529-8641-5374bd607405,North,Jeans,Clothing,239,253.82,60662.98,2023-11-07,2023
348,84b5a8cd-51c4-4a75-be5c-718ccdfcbddc,05fb7bbf-561f-40d7-afdd-2ad7a6b6a91e,West,Table,Furniture,50,110.7,5535.0,2024-09-25,2024
349,ab554bad-42d2-4199-a6b0-d20a25ed66ec,d5d75624-a564-4e6d-b599-7f59c8d61988,West,Microwave,Home Appliances,82,1628.82,133563.24,2022-03-05,2022
350,99235602-9d2e-4afc-90e3-2f6e4f0490ad,3e3997a4-61c2-4ff8-8925-38df4fa96e6e,East,Table,Furniture,256,1991.98,509946.88,2024-04-13,2024
351,b1f26e7f-0c04-419f-aaaa-e83110e7b874,aaa6dc38-e9b2-4685-a9b2-15fc86fecc7f,West,Washing Machine,Home Appliances,255,56.12,14310.6,2024-06-19,2024
352,7ac4699f-02b6-4e6b-9173-90de8684ac40,094fcfea-fcba-474f-b5f1-1b32a9983374,West,Microwave,Home Appliances,111,1170.85,129964.35,2024-09-13,2024
353,4676f065-ea72-440d-8375-a517ad5da52b,41418ddd-6b7d-4f2b-a20f-7bdce1d67b69,North,Tablet,Electronics,254,1199.06,304561.24,2024-02-29,2024
354,2a5bd27e-a89c-4b18-b80a-9f983df14291,b2225881-7588-4a7b-899c-31aff50c76d4,West,Dress,Clothing,5,1695.87,8479.35,2024-05-16,2024
355,6d1c916c-97e3-4a81-ba8c-defa80531b2c,4558c640-b6d3-41e8-91c0-a00536124799,West,Chair,Furniture,188,1530.07,287653.16,2022-02-28,2022
356,9ca5846f-e199-4a72-a11a-ffd8c3d8ffc5,319ee4c0-da75-4b3c-ae7e-dfdece8e2906,East,Headphones,Electronics,27,1144.86,30911.22,2023-04-09,2023
357,0d4fc9a9-f8f8-4ecb-9172-118157c5d284,d5488023-38f1-4a76-80a8-8d8e7657ee42,South,Dress,Clothing,148,156.33,23136.84,2024-10-26,2024
358,d310c8da-3cfd-4319-9bb9-de66835dec26,54fa01eb-c901-4c8d-97d4-f8e3f265b518,West,Dress,Clothing,61,266.04,16228.44,2024-11-06,2024
359,10435b5c-9df7-49f1-be69-4b92c1754cea,df190951-8852-45bc-87a1-41a6cc4a8216,North,Washing Machine,Home Appliances,174,1120.09,194895.66,2024-09-08,2024
360,dacfed99-7fbe-411d-8252-efb3450fa43b,87a60a15-5c0e-4d70-b65b-aa9c4ee5e751,East,Table,Furniture,261,808.76,211086.36,2024-01-16,2024
361,f79aef64-d757-402b-aec0-a2d054b167cf,0ac9eda9-fd0b-45c9-b464-4e870f709223,North,Laptop,Electronics,71,1430.05,101533.55,2022-05-09,2022
362,b13eecc1-31a4-4eb4-8baf-fbfe3a0eabff,6498091b-446e-4e4f-8317-78ae86be5cae,West,Microwave,Home Appliances,264,288.16,76074.24,2022-01-16,2022
363,67a0aed5-082b-4434-81cc-6fd84b09ca1d,a25c9f7a-a6b4-43c6-8c1f-8a8c313e3f8e,East,Bed,Furniture,154,1191.51,183492.54,2024-02-03,2024
364,d58bdbbc-3dbf-440f-af83-233a64ca191d,a1dbdc35-d0f7-4130-ba01-30be09a6aa99,West,Shirt,Clothing,9,743.03,6687.27,2022-06-01,2022
365,7dd2b35c-1027-4ac1-b91b-a7485e6cbbae,2817ce17-75b7-4cbb-81f8-64cd19171edc,North,Air Conditioner,Home Appliances,158,1595.54,252095.32,2022-12-27,2022
366,aa94b58b-c79a-438d-a86b-79fb33717a62,6854833e-b706-400f-bb37-09ab3239f282,North,Washing Machine,Home Appliances,297,1159.49,344368.53,2024-03-15,2024
367,25389b84-0e8d-4ed7-8c83-c497d2635f4c,cb4ed779-3a37-49a2-90c6-d3b301e9839a,North,Microwave,Home Appliances,269,1261.76,339413.44,2024-10-26,2024
368,e292a8ac-6576-4529-80fc-d31c13d0583b,74a1f0e3-9360-434d-beb7-5c9737494744,West,Table,Furniture,17,1149.41,19539.97,2023-07-29,2023
369,3d823fd9-2f64-47e1-8966-0eaffdae3607,7083582d-3b21-4ec9-8734-cc10162014bd,North,Sofa,Furniture,226,634.25,143340.5,2023-10-17,2023
370,cb810802-5915-4cfd-bed6-f9deb702798e,1d5ffa9e-5dda-496d-b572-8a8383e5fa4b,South,Microwave,Home Appliances,211,1008.62,212818.82,2024-04-28,2024
371,964847d9-6710-41de-bfe4-d1066ad3917f,d85d7884-a5ad-408a-aada-f8f850264727,West,Smartphone,Electronics,266,422.61,112414.26,2024-06-29,2024
372,8b9719bc-6754-408e-b5ce-c41d4f0f0e4c,1b5b51c7-32e9-4104-af53-9057fad438de,East,Air Conditioner,Home Appliances,193,634.37,122433.41,2021-12-24,2021
373,205d055d-25ab-42b9-a726-5e0b346539b6,ccbdee48-ce53-49eb-b67c-9ca59d17dd16,South,Air Conditioner,Home Appliances,176,1097.08,193086.08,2023-02-14,2023
374,10f018ee-56ed-49e4-8fcb-565cc4ce1c3c,9a1c2318-3582-46c2-b33d-c085e725e373,East,Microwave,Home Appliances,127,565.22,71782.94,2022-06-06,2022
375,673be6ff-cae6-4be0-8f53-ef17e08a0aa5,a6633eb4-fe81-41e2-96de-82fef9af67c1,East,Chair,Furniture,148,1412.75,209087.0,2024-07-27,2024
376,2af03b02-93af-49c8-ad47-5e09ac3ff1af,3bb4cfa8-173d-4da9-8224-77bdfe82ecc6,West,Shirt,Clothing,179,1125.37,201441.23,2022-11-13,2022
377,94bca28c-56f3-4f37-842e-394f079896cc,d279b339-aea9-40b3-85cf-d6243ac3a867,East,T-Shirt,Clothing,294,1356.48,398805.12,2022-10-19,2022
378,285a3912-1157-4924-bbea-32951f3d3f82,af12d18c-4619-4fb9-9c92-fc0eb323e8f0,West,Washing Machine,Home Appliances,75,588.0,44100.0,2022-06-08,2022
379,b87ecaee-303c-4833-86a0-9c8f2052eb3e,a56cf9e3-87ed-46c4-a05e-eaf0c2b2bf7d,East,Tablet,Electronics,227,1315.38,298591.26,2024-11-25,2024
380,c6164bee-aef9-453a-90c8-6e049d0c5d3d,1c0f881b-6cd0-423b-8ee4-518bb7174a58,West,Table,Furniture,276,549.55,151675.8,2022-11-08,2022
381,ee545f91-4155-44df-a92e-1de25279e4e3,448601ff-7131-4d6b-98c4-b32a55b70a9c,East,Sofa,Furniture,123,492.49,60576.27,2022-09-10,2022
382,7c3396e8-6d4c-4ec1-a8ec-cdd154c0d58f,64849314-88f2-4dbc-b047-2da1b25a5afb,South,Sofa,Furniture,52,832.47,43288.44,2023-02-08,2023
383,df5edd4b-2b2d-4424-94f5-9728f3445d3c,f3e38986-d1a1-4936-bac3-780d8afb87a6,West,Smartphone,Electronics,3,1929.39,5788.17,2022-05-29,2022
384,11abbaef-325f-4e56-9668-b0b9bc42c632,a11cf02d-dec6-4dbd-a03f-50fb8aa55c92,South,Vacuum Cleaner,Home Appliances,245,1304.57,319619.65,2024-08-31,2024
385,2a6f1ceb-7e09-4bfa-ac64-63252f09c6f6,b559536e-c4a3-4ea7-9c9a-14f305251fd1,East,Jacket,Clothing,31,1816.79,56320.49,2023-02-27,2023
386,4106a5fb-5f2b-4be5-be9a-fd1143263616,aa3284c7-cf3b-431b-b278-5e12a64ae2e3,North,Wardrobe,Furniture,20,1827.33,36546.6,2024-01-25,2024
387,fb1d007c-9c21-4c90-80af-7c26dbf6c89d,1a44dabd-4709-4724-9f50-414b5b9ae3f7,South,Microwave,Home Appliances,19,1994.37,37893.03,2022-01-21,2022
388,59458cc7-0075-48b7-a0cf-04568ada08c0,2510ad31-dd9a-4624-a834-cfc33e9084dd,West,Microwave,Home Appliances,149,1754.72,261453.28,2024-10-21,2024
389,8b8b2859-2166-4452-bff2-8e6473322a77,fa5fec06-b06b-42a4-a145-854dd2fa533d,North,Dress,Clothing,55,1857.63,102169.65,2023-04-04,2023
390,f204b66d-f8a7-4090-b143-a371b58065d9,adf95675-7b58-42f8-8209-b010060e4380,East,Shirt,Clothing,279,1053.39,293895.81,2022-07-03,2022
391,ff9a4f39-932a-4a3b-81b3-30375abc9995,bddab71f-ec9d-46b8-ad17-bb14f0b233e5,South,Washing Machine,Home Appliances,99,1619.54,160334.46,2023-06-02,2023
392,4f0f26c5-caf8-44dc-9b3f-73f0d94d9471,78ce8a34-7a7a-4fa3-9447-19807ad6201d,East,Bed,Furniture,132,1440.01,190081.32,2023-07-01,2023
393,c3bd38fe-69d6-48f3-8318-efaef3791e11,cbc668d0-157b-4c8f-98f4-81e21ccda742,North,Jacket,Clothing,291,1352.06,393449.46,2023-06-29,2023
394,b2877122-e9c1-4d8b-bf24-0fe33a82d3e8,80d8f3b7-fe3b-4a05-93d8-f9435fa7ecbe,South,Wardrobe,Furniture,208,1655.71,344387.68,2024-10-21,2024
395,3d46b802-5c0e-4ab6-9acc-03678fe7463f,79e901cf-c9c6-4a4c-bef6-652e684f35a5,East,Headphones,Electronics,49,377.71,18507.79,2022-03-31,2022
396,b1f13302-b170-4ce3-a3e1-d19a988ba1b2,e0cd08f9-c234-4032-a7b5-1a5c73d698f8,South,Washing Machine,Home Appliances,128,23.59,3019.52,2022-10-03,2022
397,1c98223b-3b88-4680-a383-1e09cd24e55f,af760c37-693f-4959-9a6d-200d926219d7,West,Bed,Furniture,137,1908.53,261468.61,2022-05-28,2022
398,e85e85cc-2285-4cba-8512-d5574993855d,396b078a-7dc1-48a4-9ba3-7b98876f1275,East,Tablet,Electronics,185,1388.61,256892.85,2023-02-28,2023
399,39d788ac-4aae-4353-85ef-06c6fb8894d7,10591630-87aa-4841-a015-e4c886935be1,North,Headphones,Electronics,158,327.84,51798.72,2023-03-14,2023
400,b3044ef8-f031-463c-a615-847935eb0d7f,ef5f9dd0-9683-46e8-83f9-74a92bcbf706,East,Tablet,Electronics,189,1233.1,233055.9,2023-11-23,2023
401,c9dae96b-ed33-416f-a0cf-45c134eaf5a0,0fcb8049-3d89-41a0-a027-f1a0b321888c,South,Bed,Furniture,79,915.41,72317.39,2022-07-26,2022
402,7184566b-bc86-4667-89da-97ce6b646071,ef2f3c0c-35ea-4375-996d-3d998f33e8e1,East,Air Conditioner,Home Appliances,242,1517.13,367145.46,2023-07-05,2023
403,d93b252b-12d2-4042-bef7-d1ae9bdcd57c,92a66785-50a1-470b-bdcf-79eeea5700e5,South,Wardrobe,Furniture,42,1055.76,44341.92,2022-12-02,2022
404,e99da219-2e87-4730-acf4-0d4290119cbd,349b8cf9-0a86-4c31-88f4-7487c005c85c,East,Smartwatch,Electronics,58,132.9,7708.2,2023-05-18,2023
405,0f5eafdc-fac6-4377-8e1e-8883129acba0,a65ac95e-4dec-4db2-8a6d-ccc85ec4bb0d,South,Table,Furniture,168,1710.43,287352.24,2024-09-30,2024
406,24870706-a0c7-4e68-92a9-dc7d969e5828,fbbab29f-6f79-43eb-bf89-3933bc5288de,West,Smartphone,Electronics,299,982.77,293848.23,2023-10-07,2023
407,b3f55ddb-c27e-4c25-ab55-c0180ab16a7f,04fa34ce-464b-4ec5-8ca6-6009d8ae93c2,West,Headphones,Electronics,68,1031.36,70132.48,2022-09-09,2022
408,93b01370-4d3d-4157-80ef-84ae750208a4,a1caaa10-a64e-4897-a2ed-b5f8185f89a4,West,Smartwatch,Electronics,237,1348.81,319667.97,2023-11-28,2023
409,17eb8211-a99d-4c2b-9b1d-d6033529f38a,c5e6b803-33b6-4e29-bfce-62c0ddc7a031,East,Headphones,Electronics,131,1634.74,214150.94,2024-07-17,2024
410,22956d08-1966-4269-a463-84bc7020a429,18709de8-4138-45bf-973f-b9c9d441e35a,South,Laptop,Electronics,217,695.61,150947.37,2022-04-28,2022
411,72193881-d1b2-4889-b3e3-7ca8e2d3afea,d974cb6d-8de8-425d-a741-13544cc9a41d,North,Laptop,Electronics,242,73.15,17702.3,2023-12-10,2023
412,ee2ee4c3-b6f4-4f9a-9002-f34b0415e398,a5a9a981-32c8-4e03-b917-d8ef37c7b44b,West,Table,Furniture,216,755.18,163118.88,2024-01-09,2024
413,bc443f36-170e-4370-b265-f259905d5280,3e4ef160-50bd-4424-837c-cce087d2126e,West,Vacuum Cleaner,Home Appliances,193,169.7,32752.1,2024-10-19,2024
414,904b74ea-30fa-4ec0-a7b4-ad87bbeff77c,c6a93a30-77ff-43d2-bf6b-40de33b76187,South,T-Shirt,Clothing,92,1985.77,182690.84,2022-01-25,2022
415,79850af9-cb05-4784-a533-20d4dc80dde3,4960fcdb-17e0-4f4b-9873-471fc8539721,West,Table,Furniture,2,1514.8,3029.6,2022-11-06,2022
416,bd43ac9a-84f4-408d-a8f0-3f6cbe46bcc7,a8f26521-3656-4295-87f3-ef87c59f14cd,East,Air Conditioner,Home Appliances,218,1068.55,232943.9,2023-04-07,2023
417,52d220f8-adee-49db-b403-4109b88d4284,e7d4c325-ea01-43ff-b421-58fc42b60612,South,Bed,Furniture,178,318.69,56726.82,2023-05-17,2023
418,38cd6c30-e6c2-4369-a088-b761b3888ffa,ada06617-54d3-49f6-a703-081144bab4b9,South,Laptop,Electronics,215,1233.7,265245.5,2022-11-26,2022
419,22245e85-1a8b-4d2a-8dda-c8e7f3607013,fe50bbd7-cc21-4bc8-8ae3-f760ad9f6516,North,Table,Furniture,35,210.78,7377.3,2022-06-18,2022
420,b7ab88d4-d771-49b4-805c-d5f875391548,41fd9f4f-642f-4c8d-a2fa-5c489919ca52,North,Air Conditioner,Home Appliances,25,497.02,12425.5,2022-06-28,2022
421,22e4d01e-4375-4797-80e8-9b0dbb0617ef,01336bc4-e4f8-4d7c-9950-9111f51a4bb3,North,Vacuum Cleaner,Home Appliances,120,1084.12,130094.4,2022-02-15,2022
422,4e87bada-a9ad-4fcd-bb8f-f881dc1a3495,7a52283a-008f-4909-8dc4-272075662602,North,Wardrobe,Furniture,149,475.98,70921.02,2022-07-22,2022
423,365533b9-0ded-4bda-ad54-93128b4239ca,11064a2e-3c24-483c-873d-399c8bfbbaee,East,Jeans,Clothing,155,1753.75,271831.25,2024-06-26,2024
424,f6a5b02d-2b3a-4a6c-8156-26fb8090851f,bc720daf-b50a-4fba-943d-fc3e0bcd6933,South,Washing Machine,Home Appliances,141,131.31,18514.71,2024-01-24,2024
425,320fe7fb-c569-45c5-aebd-80e0389ce757,97270abb-e113-42d8-897a-7b86cf12d815,South,Air Conditioner,Home Appliances,254,103.3,26238.2,2023-01-31,2023
426,7f80c25a-53c8-4341-afaf-2fce3267db3b,c46e8e16-a0b7-4f7a-95f5-10b3324048e7,East,Air Conditioner,Home Appliances,164,1395.65,228886.6,2024-11-26,2024
427,29571912-7cb9-4129-a74c-bf1752e976f2,d946865e-d360-4577-9141-d0eb1ab2bd3d,West,Chair,Furniture,193,375.92,72552.56,2023-05-05,2023
428,8c096bd6-3528-4f09-b822-8cc6a7e685df,8e8f9509-31f3-482d-8e2b-0b21a761f0f9,West,Table,Furniture,154,1716.51,264342.54,2022-11-19,2022
429,e0f30ad8-e92e-4c8b-83ac-a12a0b32b4ed,e008c1b7-70ab-4bae-a519-f94548a158aa,South,Refrigerator,Home Appliances,288,831.23,239394.24,2022-05-08,2022
430,ee9a5eec-0c4c-4e93-84a4-65c39fc5bb6a,2ef3aa72-4610-41fa-8424-485c35dfcd80,West,Bed,Furniture,125,517.44,64680.0,2022-01-27,2022
431,9492f353-27e4-4be7-842a-9e80b4e0089c,8059995e-f81c-4a96-aed2-2cab86e4b959,East,Headphones,Electronics,190,194.0,36860.0,2024-02-22,2024
432,5a365a2b-1fb7-4078-8d75-0ad243c8a636,3bcabcb2-32a0-473d-a85d-6883fd52db78,South,Tablet,Electronics,194,1350.61,262018.34,2024-05-23,2024
433,ea3908d0-b545-416c-8af4-e35533e3c7bb,bef41b44-c71e-4182-b8ae-fa67a2655049,North,Smartphone,Electronics,287,441.86,126813.82,2023-09-11,2023
434,56612737-e2e8-44d6-b86b-24c8a31939e5,73fc0574-e981-448a-8912-85320bb673d0,South,Jacket,Clothing,8,431.5,3452.0,2023-11-23,2023
435,01442f08-470c-4b97-af63-3c4c454f5470,bbb4aeae-79f6-4866-aad3-5ea4945a7e38,South,Headphones,Electronics,125,1394.3,174287.5,2023-12-06,2023
436,54357eda-6fa1-46d4-ab8f-fc9268fbe66c,e1016aee-e3da-4de4-8d14-d7f8b3478fc0,South,Microwave,Home Appliances,283,650.01,183952.83,2023-06-19,2023
437,cb354d37-1b13-4ec1-93af-3d312b8af0fb,011cd346-8b81-4b93-896b-ad00bb62f17d,East,Vacuum Cleaner,Home Appliances,274,1300.96,356463.04,2024-12-02,2024
438,ea53a146-899b-4339-aca7-bbf78722a5fb,4059bce8-f911-4492-be6b-ce220727ef95,East,Jacket,Clothing,263,1766.8,464668.4,2023-05-03,2023
439,705771e0-a989-4e86-98ce-0c1d30039952,2fcc52c5-7533-4f72-9d09-7950c6109a12,West,Headphones,Electronics,164,1829.52,300041.28,2022-07-23,2022
440,0b53f351-a42e-4265-850e-07cfd796361e,1255a3dc-0929-4425-968f-52b204543cc6,East,Shirt,Clothing,24,1129.42,27106.08,2023-08-19,2023
441,471addcf-328d-4564-8132-311cb624c4cf,6cdf5a24-52fb-404f-bcab-58c66810b3f3,South,Sofa,Furniture,134,1111.09,148886.06,2023-12-14,2023
442,8761fbb6-0fb9-43e8-8eac-44b47fad52ef,8fee10fd-afc5-4c22-9ca8-e37eb4b140d0,West,Jeans,Clothing,101,666.43,67309.43,2022-06-07,2022
443,609e0a77-fb10-4b13-98bb-4845d728bfe0,97e1c14f-5e12-428f-9651-d7fd1426a9c6,West,Bed,Furniture,282,1312.67,370172.94,2023-09-13,2023
444,116ab770-1385-44e9-b744-62311519964e,773ac710-8a23-4452-9088-c0d3c42e3cbe,East,Shirt,Clothing,252,927.05,233616.6,2023-08-09,2023
445,2f64d9ed-c0c1-43a1-9350-21e09b2d6b0e,0a1a0035-ed6a-43c5-87d3-42f4317deb72,East,Table,Furniture,280,981.75,274890.0,2022-03-28,2022
446,ec079671-49f2-4c44-8746-a0cb83cdfa85,5a236dd4-778d-4aec-b5c2-d0608b6e8901,North,Laptop,Electronics,25,1531.03,38275.75,2022-01-04,2022
447,4d449d70-7f01-478d-9748-0878c9a3217c,ae0ba3ab-2b18-48d0-9846-d1f16a4376ef,West,Table,Furniture,35,1417.27,49604.45,2024-03-14,2024
448,f03dbb5d-6a68-4ba7-82ca-9b7baf169ae0,5d25f548-4772-4f1b-b801-b9824a289148,North,Wardrobe,Furniture,234,752.67,176124.78,2024-03-06,2024
449,3855c1f0-ab38-48f2-b277-d1f1e51a5899,ef477bd6-a0db-48ac-b76c-1fdee1e98faf,West,Refrigerator,Home Appliances,4,1069.1,4276.4,2024-07-02,2024
450,158855ed-dc5d-400b-b18d-43b3e3d14f4b,00609253-6821-4bb6-94e3-ae58a0b57049,West,Laptop,Electronics,272,1447.16,393627.52,2024-11-16,2024
451,fda4eff9-679a-445d-b98e-5d78ee3ebdf7,a4d98116-6dc4-464f-80e0-094d8cb87bbe,East,Smartwatch,Electronics,221,1614.27,356753.67,2022-12-16,2022
452,4daa74fc-7d99-4594-bea9-78cce027a31e,63625743-2b78-44e9-bc35-5b0f4f15f344,South,Laptop,Electronics,269,306.31,82397.39,2023-04-13,2023
453,95c68932-f0ed-4b86-9663-a616e209d7bd,8933687c-9cbc-4d8c-9b83-9d2a7f776ef5,South,Jacket,Clothing,137,1591.92,218093.04,2022-01-31,2022
454,874fdcc9-a3fe-430d-9e41-720997a2f282,dc876860-ef25-4b64-8b3a-b87ecde1a7d4,North,Shirt,Clothing,236,1134.35,267706.6,2022-04-29,2022
455,0ccb585b-13a6-4a5c-9cb4-f852560a1d43,ea7743f6-5d4d-458e-838b-3ce26efc9bdd,South,T-Shirt,Clothing,17,196.07,3333.19,2022-07-08,2022
456,946d6a20-97d6-47a8-a7bd-8716203d002c,192cc568-b5bc-44a3-9d40-2bd53e353428,West,Air Conditioner,Home Appliances,244,121.67,29687.48,2022-02-06,2022
457,33520495-36e0-42f7-b7de-83dfc7f86112,d56f7525-b221-40de-8bfd-06ae274d2d1f,North,Sofa,Furniture,256,1692.21,433205.76,2023-11-19,2023
458,44a8fd3d-0958-40ce-9048-8536dd00214a,7a99ff9e-ac1f-4b42-9d26-64030256207b,East,Smartwatch,Electronics,22,467.24,10279.28,2023-07-20,2023
459,8e244507-37bf-4212-9eb9-a049f492879d,aa9a3b93-7dd4-4b72-887d-59a646d9a0dd,West,T-Shirt,Clothing,39,1372.01,53508.39,2023-05-17,2023
460,91c88203-94c7-4316-a294-2fa377e3e2df,250b0909-eff8-4ddf-8055-4db144616f73,East,Smartphone,Electronics,162,41.16,6667.92,2024-04-19,2024
461,a4e6d5d5-2195-42a7-9630-996f7fbd8123,c5de64db-315e-46d1-80d8-d92e0cec29ba,South,Bed,Furniture,40,605.56,24222.4,2022-01-31,2022
462,a06bc6c7-9420-4a7b-8652-65e69d4205b6,ed8a96a7-3a79-464d-a32d-a520a9cca2eb,South,Air Conditioner,Home Appliances,170,773.85,131554.5,2023-10-22,2023
463,011c7680-dc75-4574-a5c3-92e94342794d,4c4cbdbc-7395-45b0-bf92-27438ec6085b,South,Smartwatch,Electronics,178,116.86,20801.08,2024-11-12,2024
464,dbdbabd0-dde3-4d75-b974-5b2853b52213,cde8cc77-9cad-415e-906b-226b17522a5b,West,Sofa,Furniture,175,1214.29,212500.75,2023-09-28,2023
465,0aa03a00-b349-4969-b16c-cbe584e08aaa,d4ecf2f5-159e-4f35-92dd-7783e5f44a2b,West,T-Shirt,Clothing,140,1569.26,219696.4,2021-12-06,2021
466,673f3272-27b1-45ad-b718-6c6bfc2a4089,86eb3844-2b4c-4419-8674-91fec68b8f19,West,Microwave,Home Appliances,183,1110.55,203230.65,2023-09-27,2023
467,a04d22bf-6e8c-444d-a365-31c7be93d3a5,fd4568bb-d507-4d13-972a-b5347cb333f5,West,Microwave,Home Appliances,300,1324.74,397422.0,2023-05-13,2023
468,0ae7a478-5721-48b1-b4b4-2c1e982b94cd,3691dfe9-b766-4a2d-ba12-9361417ba25c,North,Jeans,Clothing,38,173.26,6583.88,2023-08-22,2023
469,76fea7d1-f4bc-40fc-ae0b-9b9cf38b2a87,5e60a232-5cac-4b6f-8886-2557f1b6f37d,South,Microwave,Home Appliances,200,640.19,128038.0,2023-09-22,2023
470,0f88034c-1fe4-45c3-83e5-9f3c400eb576,e4ee7c55-3fc9-4f93-bcad-e7c1dbe71f02,North,Laptop,Electronics,158,895.02,141413.16,2022-11-07,2022
471,8708a863-4c89-4cd1-afb6-03c9fb3c5274,89d36f06-47e3-4086-b209-e1d0a1ec4587,East,Smartphone,Electronics,45,382.91,17230.95,2023-09-18,2023
472,27517270-53c9-48f2-af89-a6599bd89c35,e322facb-e523-4e9a-8baf-0decafe33cf9,West,Refrigerator,Home Appliances,14,188.34,2636.76,2023-05-05,2023
473,6bdd8978-d08f-4f04-b88c-4d5712d9f06b,a003f531-114b-4a55-a4ee-a2aa1ba5e29a,North,Shirt,Clothing,7,590.78,4135.46,2022-04-30,2022
474,8c21795d-aacf-4950-8dd6-99a86530ccea,d797d162-44ed-40af-bd03-92541edc2498,West,Smartwatch,Electronics,125,1148.2,143525.0,2024-03-23,2024
475,6d95ff64-d012-42e8-a132-759f17a3f157,8e16bc6a-4740-4ef1-9340-de2bc667d136,South,Microwave,Home Appliances,72,545.15,39250.8,2024-11-06,2024
476,91bde33c-4c28-4910-a46d-f8cde4140c26,f5221e4b-c065-49c8-b1f9-84ea7ba3d263,East,Microwave,Home Appliances,33,342.74,11310.42,2022-05-10,2022
477,8169b082-5e79-4d35-8d64-0917cfcac77e,a5171f80-b995-459c-a7b4-ccdceb55a93c,East,Washing Machine,Home Appliances,248,1567.51,388742.48,2024-07-09,2024
478,a32ea0b5-464c-450f-85f6-71df18431f53,bc390b1c-3c39-462f-98c1-e0aadd71b990,East,Jeans,Clothing,254,1191.67,302684.18,2024-02-20,2024
479,26045f73-c6e2-414c-ae4f-7c51a10dcb98,a3fb1be4-ff01-4c4c-89eb-24c5932de30e,South,Refrigerator,Home Appliances,70,616.27,43138.9,2023-10-01,2023
480,02a4ef75-ce0e-48fa-b064-ad9fad17f1ad,caa3aab5-30ed-41d0-8330-a50540c915d6,West,Dress,Clothing,195,1610.11,313971.45,2024-06-24,2024
481,c70e0ab8-8005-4afc-abd2-de69f6c0a994,c86615c5-058e-4b2d-b494-825f4f42ce57,East,Washing Machine,Home Appliances,221,1632.8,360848.8,2024-11-17,2024
482,cde86327-8771-4d41-a5c5-e9da5a07ff0d,291f5f20-c4eb-4efb-8360-3123937695e9,South,Jacket,Clothing,103,963.23,99212.69,2024-08-18,2024
483,39fd761a-515f-4e14-a6d7-08d65baa3ba0,0b89a2d5-8a02-4c24-bee6-ebbe1757fbd6,South,Washing Machine,Home Appliances,150,1472.4,220860.0,2022-12-29,2022
484,4826c6ea-3160-4d72-a2a8-d6ba2996fe7d,959090f1-0974-4205-a754-feb8622657fd,West,Chair,Furniture,193,567.8,109585.4,2022-09-28,2022
485,08b77881-572b-468a-bd1f-6eb9899fc194,1fcabcb2-2ca5-4f41-8ef6-82ad642f2aa0,West,T-Shirt,Clothing,289,407.6,117796.4,2022-02-17,2022
486,6d76696c-6bb2-47ca-86f8-1dee72c4ceae,896c8a53-6ec7-492f-9acd-f8933995cb01,South,Headphones,Electronics,108,882.53,95313.24,2023-01-24,2023
487,715ab52d-bd72-40fb-84ff-4c0347adb7a1,cc00ed93-202e-4d9f-b78d-879123ca44e1,East,Headphones,Electronics,256,286.97,73464.32,2024-02-09,2024
488,dce99c6b-c28a-4bbf-a247-824bd5f85275,d98ca585-f10e-445e-bec6-cd2c2221bb6e,East,Chair,Furniture,79,1433.32,113232.28,2024-10-21,2024
489,fb919fe6-8b18-41fd-9c89-4270a33f0779,c850b80f-af69-488f-9723-57e70be577d7,West,Headphones,Electronics,246,1168.67,287492.82,2023-08-27,2023
490,14f9e137-25f9-416f-9d0f-bc262ae23650,0203535a-13a4-49e7-84c2-9ed83f80953a,West,Tablet,Electronics,275,1191.7,327717.5,2023-12-05,2023
491,54b9b95c-58f5-4e12-a4c9-be3bd004ff0e,8cc41c19-71da-47b5-908f-c6511f5d7552,North,Smartphone,Electronics,182,341.01,62063.82,2023-01-25,2023
492,9e7d2dc0-607d-4c38-90a5-10b670d6fe8e,c50dddc6-9b8a-4fd8-8685-c08892985ec5,North,Washing Machine,Home Appliances,221,220.83,48803.43,2022-02-17,2022
493,877e43dc-e856-4692-a9b5-7a51c33293d0,579d9c5d-3efc-4ead-8324-139fee052fb9,North,Jeans,Clothing,262,1496.24,392014.88,2024-09-16,2024
494,b4bc69ff-7f11-4d05-82ec-7bdb6b0a6db2,eae073ca-13e9-4759-8a6b-a1ca6f7446cb,South,Washing Machine,Home Appliances,201,931.5,187231.5,2024-04-27,2024
495,39fd610d-3811-471a-8c6f-c0c978a228d0,337b88f7-29bb-405c-af25-01563017f1d4,South,T-Shirt,Clothing,248,218.05,54076.4,2023-08-14,2023
496,a7eb669a-808b-4e0c-85b8-9cf7e7acb855,1b988ec2-a89c-4033-ac1b-43a2eb102075,West,Laptop,Electronics,73,703.17,51331.41,2022-06-21,2022
497,d1b7ff36-2f2b-49dc-8c60-9ea19a85feab,db3ba5b2-541a-4c04-a607-f97c027c33fe,East,Microwave,Home Appliances,267,971.02,259262.34,2024-10-30,2024
498,0f6c773e-a433-4bf1-9868-6685a212f163,49ff005a-9d11-4adc-9179-ba2ae39950c5,West,Headphones,Electronics,232,644.63,149554.16,2024-10-14,2024
499,d54d9afe-2614-4608-95ed-5087bfe236c7,4b74c184-9e7a-4e26-afeb-ee77b0926f6c,East,Laptop,Electronics,12,1699.87,20398.44,2024-07-06,2024
